"","Sample_names","temp_mean","temp_daily_range","speed_mean","DIC_max","DIC_q95","NH4_mode","NH4_sd","EpiPAR_sg_mean","EpiPAR_sg_q5","Secchi_mean","Secchi_mode","PH_mode","PH_sd","alk_max","alk_q95","alk_sd","Chl_a_sum_sd","bPAR_sd"
"1","BLCH101A",26.73636411,0.282606586,0.072753759,23153.6737,23151.97536,0.032404728,0.094862076,4.951693562,2.17500344,20.06668812,20.09996549,8.09567401,0.023839815,2264.218557,2257.039173,4.458963571,0.141552981,4.049181904
"2","BLCH105A",26.73660679,0.287012107,0.082990463,23174.23422,23155.94432,0.329290564,0.059626338,3.967585028,1.69875277,20.92402454,30.20712496,8.028480093,0.02580819,2264.24011,2259.327935,5.779398684,0.134860305,5.558274258
"3","BLCH107A",26.73660679,0.287012107,0.082990463,23174.23422,23155.94432,0.329290564,0.059626338,3.967585028,1.69875277,20.92402454,30.20712496,8.028480093,0.02580819,2264.24011,2259.327935,5.779398684,0.134860305,5.558274258
"4","BLCH108A",26.74366289,0.268554787,0.077989714,23219.4383,23148.0523,0.034167815,0.037034571,3.555104262,1.245059823,20.15847441,15.43808027,8.120045308,0.025042711,2263.651185,2260.974972,4.498013345,0.138008811,2.702430019
"5","BLCH109A",26.74366289,0.268554787,0.077989714,23219.4383,23148.0523,0.034167815,0.037034571,3.555104262,1.245059823,20.15847441,15.43808027,8.120045308,0.025042711,2263.651185,2260.974972,4.498013345,0.138008811,2.702430019
"6","BLCH10A",26.74381948,0.293276524,0.084205478,23237.13233,23182.18502,0.031929355,0.042976935,4.215770956,1.472650629,21.30941342,29.25104856,8.045395445,0.024680718,2269.729904,2262.487042,6.3878654,0.176443126,5.558274258
"7","BLCH112A",26.74366289,0.268554787,0.077989714,23219.4383,23148.0523,0.034167815,0.037034571,3.555104262,1.245059823,20.15847441,15.43808027,8.120045308,0.025042711,2263.651185,2260.974972,4.498013345,0.138008811,2.702430019
"8","BLCH114A",26.74366289,0.268554787,0.077989714,23219.4383,23148.0523,0.034167815,0.037034571,3.555104262,1.245059823,20.15847441,15.43808027,8.120045308,0.025042711,2263.651185,2260.974972,4.498013345,0.138008811,2.702430019
"9","BLCH117A",26.74366289,0.268554787,0.077989714,23219.4383,23148.0523,0.034167815,0.037034571,3.555104262,1.245059823,20.15847441,15.43808027,8.120045308,0.025042711,2263.651185,2260.974972,4.498013345,0.138008811,2.702430019
"10","BLCH118A",26.74366289,0.268554787,0.077989714,23219.4383,23148.0523,0.034167815,0.037034571,3.555104262,1.245059823,20.15847441,15.43808027,8.120045308,0.025042711,2263.651185,2260.974972,4.498013345,0.138008811,2.702430019
"11","BLCH11A",26.74381948,0.293276524,0.084205478,23237.13233,23182.18502,0.031929355,0.042976935,4.215770956,1.472650629,21.30941342,29.25104856,8.045395445,0.024680718,2269.729904,2262.487042,6.3878654,0.176443126,5.558274258
"12","BLCH120A",26.74366289,0.268554787,0.077989714,23219.4383,23148.0523,0.034167815,0.037034571,3.555104262,1.245059823,20.15847441,15.43808027,8.120045308,0.025042711,2263.651185,2260.974972,4.498013345,0.138008811,2.702430019
"13","BLCH121A",26.74366289,0.268554787,0.077989714,23219.4383,23148.0523,0.034167815,0.037034571,3.555104262,1.245059823,20.15847441,15.43808027,8.120045308,0.025042711,2263.651185,2260.974972,4.498013345,0.138008811,2.702430019
"14","BLCH122A",26.74366289,0.268554787,0.077989714,23219.4383,23148.0523,0.034167815,0.037034571,3.555104262,1.245059823,20.15847441,15.43808027,8.120045308,0.025042711,2263.651185,2260.974972,4.498013345,0.138008811,2.702430019
"15","BLCH145A",26.84933522,0.244459001,0.097260872,23162.43455,23132.59909,0.032746275,0.089718142,3.47150627,1.737744489,21.02656651,22.97992273,8.109659885,0.022512894,2259.391008,2256.382103,3.886470769,0.181915872,8.164867516
"16","BLCH148A",26.84933522,0.244459001,0.097260872,23162.43455,23132.59909,0.032746275,0.089718142,3.47150627,1.737744489,21.02656651,22.97992273,8.109659885,0.022512894,2259.391008,2256.382103,3.886470769,0.181915872,8.164867516
"17","BLCH151A",26.84933522,0.244459001,0.097260872,23162.43455,23132.59909,0.032746275,0.089718142,3.47150627,1.737744489,21.02656651,22.97992273,8.109659885,0.022512894,2259.391008,2256.382103,3.886470769,0.181915872,8.164867516
"18","BLCH152A",26.84933522,0.244459001,0.097260872,23162.43455,23132.59909,0.032746275,0.089718142,3.47150627,1.737744489,21.02656651,22.97992273,8.109659885,0.022512894,2259.391008,2256.382103,3.886470769,0.181915872,8.164867516
"19","BLCH154A",26.84933522,0.244459001,0.097260872,23162.43455,23132.59909,0.032746275,0.089718142,3.47150627,1.737744489,21.02656651,22.97992273,8.109659885,0.022512894,2259.391008,2256.382103,3.886470769,0.181915872,8.164867516
"20","BLCH157A",26.84933522,0.244459001,0.097260872,23162.43455,23132.59909,0.032746275,0.089718142,3.47150627,1.737744489,21.02656651,22.97992273,8.109659885,0.022512894,2259.391008,2256.382103,3.886470769,0.181915872,8.164867516
"21","BLCH16A",26.74381948,0.293276524,0.084205478,23237.13233,23182.18502,0.031929355,0.042976935,4.215770956,1.472650629,21.30941342,29.25104856,8.045395445,0.024680718,2269.729904,2262.487042,6.3878654,0.176443126,5.558274258
"22","BLCH174A",26.8436273,0.253341172,0.09481186,23122.81445,23106.59132,0.051270991,0.054920625,3.32179088,1.659303764,19.37770996,18.8519495,8.096143108,0.020997805,2260.751065,2259.593909,4.575347643,0.115433022,5.064659187
"23","BLCH182A",26.64813364,0.285326098,0.133996146,23300.877,23184.92436,0.039855657,0.128593818,8.046611318,4.014743601,20.32731049,17.67963579,8.100236207,0.020057776,2267.663783,2264.848015,6.632166384,0.152548298,6.874139307
"24","BLCH184B",26.64362908,0.287698864,0.128655069,23198.56181,23180.20578,0.032395682,0.074712169,9.002898316,3.741046616,20.67935771,19.79398018,8.086644007,0.020270935,2269.349914,2261.190184,5.702275634,0.176392504,7.886391026
"25","BLCH190A",26.64813364,0.285326098,0.133996146,23300.877,23184.92436,0.039855657,0.128593818,8.046611318,4.014743601,20.32731049,17.67963579,8.100236207,0.020057776,2267.663783,2264.848015,6.632166384,0.152548298,6.874139307
"26","BLCH193B",26.64362908,0.287698864,0.128655069,23198.56181,23180.20578,0.032395682,0.074712169,9.002898316,3.741046616,20.67935771,19.79398018,8.086644007,0.020270935,2269.349914,2261.190184,5.702275634,0.176392504,7.886391026
"27","BLCH194B",26.64362908,0.287698864,0.128655069,23198.56181,23180.20578,0.032395682,0.074712169,9.002898316,3.741046616,20.67935771,19.79398018,8.086644007,0.020270935,2269.349914,2261.190184,5.702275634,0.176392504,7.886391026
"28","BLCH195B",26.64362908,0.287698864,0.128655069,23198.56181,23180.20578,0.032395682,0.074712169,9.002898316,3.741046616,20.67935771,19.79398018,8.086644007,0.020270935,2269.349914,2261.190184,5.702275634,0.176392504,7.886391026
"29","BLCH196B",26.64362908,0.287698864,0.128655069,23198.56181,23180.20578,0.032395682,0.074712169,9.002898316,3.741046616,20.67935771,19.79398018,8.086644007,0.020270935,2269.349914,2261.190184,5.702275634,0.176392504,7.886391026
"30","BLCH197B",26.64362908,0.287698864,0.128655069,23198.56181,23180.20578,0.032395682,0.074712169,9.002898316,3.741046616,20.67935771,19.79398018,8.086644007,0.020270935,2269.349914,2261.190184,5.702275634,0.176392504,7.886391026
"31","BLCH20A",26.74381948,0.293276524,0.084205478,23237.13233,23182.18502,0.031929355,0.042976935,4.215770956,1.472650629,21.30941342,29.25104856,8.045395445,0.024680718,2269.729904,2262.487042,6.3878654,0.176443126,5.558274258
"32","BLCH22A",26.74503898,0.278858164,0.07046472,23159.24225,23146.78741,0.030453378,0.028526148,5.000564517,2.667703656,22.05921102,26.95830085,8.053483913,0.018930797,2268.93741,2266.100232,7.115013196,0.124955117,10.93571732
"33","BLCH31A",26.74503898,0.278858164,0.07046472,23159.24225,23146.78741,0.030453378,0.028526148,5.000564517,2.667703656,22.05921102,26.95830085,8.053483913,0.018930797,2268.93741,2266.100232,7.115013196,0.124955117,10.93571732
"34","BLCH32A",26.74503898,0.278858164,0.07046472,23159.24225,23146.78741,0.030453378,0.028526148,5.000564517,2.667703656,22.05921102,26.95830085,8.053483913,0.018930797,2268.93741,2266.100232,7.115013196,0.124955117,10.93571732
"35","BLCH35A",26.49510993,0.240101567,0.051187085,23202.12584,23134.1712,0.030681359,0.011780658,4.21309526,1.807741372,20.72549428,21.37090223,8.059585985,0.016677607,2268.283249,2261.863626,6.140848177,0.175930242,10.93571732
"36","BLCH38A",26.49510993,0.240101567,0.051187085,23202.12584,23134.1712,0.030681359,0.011780658,4.21309526,1.807741372,20.72549428,21.37090223,8.059585985,0.016677607,2268.283249,2261.863626,6.140848177,0.175930242,10.93571732
"37","BLCH41A",26.49510993,0.240101567,0.051187085,23202.12584,23134.1712,0.030681359,0.011780658,4.21309526,1.807741372,20.72549428,21.37090223,8.059585985,0.016677607,2268.283249,2261.863626,6.140848177,0.175930242,10.93571732
"38","BLCH42A",26.50703987,0.232320908,0.063251891,23142.88892,23053.23982,0.033456149,0.009823172,4.942971639,2.330178424,22.01897714,26.19925523,8.055984348,0.023287,2260.785139,2256.122184,4.485440416,0.143581171,2.702430019
"39","BLCH46A",26.50703987,0.232320908,0.063251891,23142.88892,23053.23982,0.033456149,0.009823172,4.942971639,2.330178424,22.01897714,26.19925523,8.055984348,0.023287,2260.785139,2256.122184,4.485440416,0.143581171,2.702430019
"40","BLCH49A",26.50703987,0.232320908,0.063251891,23142.88892,23053.23982,0.033456149,0.009823172,4.942971639,2.330178424,22.01897714,26.19925523,8.055984348,0.023287,2260.785139,2256.122184,4.485440416,0.143581171,2.702430019
"41","BLCH4A",26.46905949,0.232638287,0.063839827,23213.07751,23108.86974,0.09121885,0.018444142,4.607128513,1.811582685,21.49075133,16.87758408,8.096129863,0.026899067,2267.654969,2257.56418,6.096177018,0.130909358,5.558274258
"42","BLCH55A",26.73636411,0.282606586,0.072753759,23153.6737,23151.97536,0.032404728,0.094862076,4.951693562,2.17500344,20.06668812,20.09996549,8.09567401,0.023839815,2264.218557,2257.039173,4.458963571,0.141552981,4.049181904
"43","BLCH56A",26.73636411,0.282606586,0.072753759,23153.6737,23151.97536,0.032404728,0.094862076,4.951693562,2.17500344,20.06668812,20.09996549,8.09567401,0.023839815,2264.218557,2257.039173,4.458963571,0.141552981,4.049181904
"44","BLCH63A",26.75410596,0.283010463,0.074062557,23149.40848,23118.58309,0.029963248,0.091319084,4.645035283,2.080308078,21.71899826,21.28977131,8.067350787,0.024938178,2267.074674,2261.866522,5.711956353,0.173995002,10.48164223
"45","BLCH78A",26.75410596,0.283010463,0.074062557,23149.40848,23118.58309,0.029963248,0.091319084,4.645035283,2.080308078,21.71899826,21.28977131,8.067350787,0.024938178,2267.074674,2261.866522,5.711956353,0.173995002,10.48164223
"46","BLCH85A",26.73636411,0.282606586,0.072753759,23153.6737,23151.97536,0.032404728,0.094862076,4.951693562,2.17500344,20.06668812,20.09996549,8.09567401,0.023839815,2264.218557,2257.039173,4.458963571,0.141552981,4.049181904
"47","BLCH86A",26.73636411,0.282606586,0.072753759,23153.6737,23151.97536,0.032404728,0.094862076,4.951693562,2.17500344,20.06668812,20.09996549,8.09567401,0.023839815,2264.218557,2257.039173,4.458963571,0.141552981,4.049181904
"48","BLCH87A",26.73636411,0.282606586,0.072753759,23153.6737,23151.97536,0.032404728,0.094862076,4.951693562,2.17500344,20.06668812,20.09996549,8.09567401,0.023839815,2264.218557,2257.039173,4.458963571,0.141552981,4.049181904
"49","BLCH91A",26.73636411,0.282606586,0.072753759,23153.6737,23151.97536,0.032404728,0.094862076,4.951693562,2.17500344,20.06668812,20.09996549,8.09567401,0.023839815,2264.218557,2257.039173,4.458963571,0.141552981,4.049181904
"50","BLCH93A",26.73636411,0.282606586,0.072753759,23153.6737,23151.97536,0.032404728,0.094862076,4.951693562,2.17500344,20.06668812,20.09996549,8.09567401,0.023839815,2264.218557,2257.039173,4.458963571,0.141552981,4.049181904
"51","BLCH99A",26.73636411,0.282606586,0.072753759,23153.6737,23151.97536,0.032404728,0.094862076,4.951693562,2.17500344,20.06668812,20.09996549,8.09567401,0.023839815,2264.218557,2257.039173,4.458963571,0.141552981,4.049181904
"52","BLCH9A",26.74381948,0.293276524,0.084205478,23237.13233,23182.18502,0.031929355,0.042976935,4.215770956,1.472650629,21.30941342,29.25104856,8.045395445,0.024680718,2269.729904,2262.487042,6.3878654,0.176443126,5.558274258
"53","Spis-CBHE-1279",24.90140174,0.180430973,0.019742884,23274.80298,23150.83232,0.034017503,0.03017262,9.687039345,4.102309122,14.74411741,16.83883473,8.052217264,0.036915818,2254.879532,2254.056884,5.03115777,0.150492102,5.57243897
"54","Spis-CBHE-1281",24.90140174,0.180430973,0.019742884,23274.80298,23150.83232,0.034017503,0.03017262,9.687039345,4.102309122,14.74411741,16.83883473,8.052217264,0.036915818,2254.879532,2254.056884,5.03115777,0.150492102,5.57243897
"55","Spis-CBHE-1282",24.90140174,0.180430973,0.019742884,23274.80298,23150.83232,0.034017503,0.03017262,9.687039345,4.102309122,14.74411741,16.83883473,8.052217264,0.036915818,2254.879532,2254.056884,5.03115777,0.150492102,5.57243897
"56","Spis-CBHE-1284",24.90140174,0.180430973,0.019742884,23274.80298,23150.83232,0.034017503,0.03017262,9.687039345,4.102309122,14.74411741,16.83883473,8.052217264,0.036915818,2254.879532,2254.056884,5.03115777,0.150492102,5.57243897
"57","Spis-CBHE-1287",24.90140174,0.180430973,0.019742884,23274.80298,23150.83232,0.034017503,0.03017262,9.687039345,4.102309122,14.74411741,16.83883473,8.052217264,0.036915818,2254.879532,2254.056884,5.03115777,0.150492102,5.57243897
"58","Spis-CBHE-1289",24.90276847,0.221588527,0.030436441,23177.28289,23126.1425,0.047646273,0.044854426,10.30275713,6.266498247,14.47319894,16.12819372,8.08815098,0.026558913,2255.117965,2252.695679,5.656862995,0.141141731,5.57243897
"59","Spis-CBHE-1324",24.87898707,0.256781233,0.031274417,23160.39967,23154.41909,0.033136805,0.017804369,12.99342427,5.284642917,14.41113628,17.52535915,8.066409688,0.031263163,2255.331634,2255.300377,5.641383107,0.174709819,7.870165886
"60","Spis-CBHE-1334",24.88450245,0.260033154,0.068827593,23302.65499,23226.60987,0.035314461,0.016862471,12.36591881,5.341829144,13.79615216,17.0701269,8.079189057,0.036471822,2255.375405,2253.423659,5.893692587,0.241611838,4.022848142
"61","Spis-CBHE-1335",24.88450245,0.260033154,0.068827593,23302.65499,23226.60987,0.035314461,0.016862471,12.36591881,5.341829144,13.79615216,17.0701269,8.079189057,0.036471822,2255.375405,2253.423659,5.893692587,0.241611838,4.022848142
"62","Spis-CBHE-1346",24.88450245,0.260033154,0.068827593,23302.65499,23226.60987,0.035314461,0.016862471,12.36591881,5.341829144,13.79615216,17.0701269,8.079189057,0.036471822,2255.375405,2253.423659,5.893692587,0.241611838,4.022848142
"63","Spis-CBHE-1382",24.8268241,0.291764369,0.033570796,23329.86846,23103.08472,0.038891121,0.016165073,10.32784104,3.905297087,13.52612327,15.96312582,8.117860425,0.028585901,2255.741814,2255.099082,4.849822327,0.280669393,6.350025637
"64","Spis-CBHE-1396",24.84469127,0.23549159,0.029985056,23334.17138,23281.55216,0.019231315,0.020775761,13.89730622,7.582211696,13.44581347,14.37757643,8.109676949,0.021775848,2259.912355,2256.815379,6.380701415,0.136121558,2.323277607
"65","Spis-CBHE-1398",24.84469127,0.23549159,0.029985056,23334.17138,23281.55216,0.019231315,0.020775761,13.89730622,7.582211696,13.44581347,14.37757643,8.109676949,0.021775848,2259.912355,2256.815379,6.380701415,0.136121558,2.323277607
"66","Spis-CBHE-1400",24.84469127,0.23549159,0.029985056,23334.17138,23281.55216,0.019231315,0.020775761,13.89730622,7.582211696,13.44581347,14.37757643,8.109676949,0.021775848,2259.912355,2256.815379,6.380701415,0.136121558,2.323277607
"67","Spis-CBHE-1408",24.84469127,0.23549159,0.029985056,23334.17138,23281.55216,0.019231315,0.020775761,13.89730622,7.582211696,13.44581347,14.37757643,8.109676949,0.021775848,2259.912355,2256.815379,6.380701415,0.136121558,2.323277607
"68","Spis-CBHE-1412",24.84236748,0.241675493,0.047204488,23204.04906,23192.52039,0.083760807,0.015319704,15.82730429,6.719740095,13.95157205,10.34952745,8.043894526,0.027824685,2257.21014,2255.555689,6.549808265,0.163505345,2.323277607
"69","Spis-CBHE-1418",24.84236748,0.241675493,0.047204488,23204.04906,23192.52039,0.083760807,0.015319704,15.82730429,6.719740095,13.95157205,10.34952745,8.043894526,0.027824685,2257.21014,2255.555689,6.549808265,0.163505345,2.323277607
"70","Spis-CBHE-1423",24.84236748,0.241675493,0.047204488,23204.04906,23192.52039,0.083760807,0.015319704,15.82730429,6.719740095,13.95157205,10.34952745,8.043894526,0.027824685,2257.21014,2255.555689,6.549808265,0.163505345,2.323277607
"71","Spis-CBHE-213",24.88450245,0.260033154,0.068827593,23302.65499,23226.60987,0.035314461,0.016862471,12.36591881,5.341829144,13.79615216,17.0701269,8.079189057,0.036471822,2255.375405,2253.423659,5.893692587,0.241611838,4.022848142
"72","Spis-CBHE-221",24.88450245,0.260033154,0.068827593,23302.65499,23226.60987,0.035314461,0.016862471,12.36591881,5.341829144,13.79615216,17.0701269,8.079189057,0.036471822,2255.375405,2253.423659,5.893692587,0.241611838,4.022848142
"73","Spis-CBHE-256",24.82126787,0.279496053,0.025493628,23281.33811,23237.31757,0.10069358,0.018850443,10.44143201,4.857074463,13.27464049,0,8,0.034056295,2254.698299,2254.391038,7.108986609,0.28198646,6.350025637
"74","Spis-CBHE-259",24.8268241,0.291764369,0.033570796,23329.86846,23103.08472,0.038891121,0.016165073,10.32784104,3.905297087,13.52612327,15.96312582,8.117860425,0.028585901,2255.741814,2255.099082,4.849822327,0.280669393,6.350025637
"75","Spis-CBLM-1239",24.46476093,0.229871103,0.040003196,23069.38969,23016.9128,0.099120812,0.039377555,3.445592413,1.600241694,13.89852136,12.00727442,8.154340552,0.025140537,2255.385275,2255.137114,4.264065562,0.304247183,3.339379774
"76","Spis-CBLM-1259",24.45946516,0.187254509,0.047628155,23203.01759,23081.30451,0.111527044,0.02970186,2.871348121,0.984288698,13.38812851,13.51409411,8.085008781,0.02498699,2258.541933,2254.529811,3.874579444,0.3195403,10.04230661
"77","Spis-CBLM-1261",24.45946516,0.187254509,0.047628155,23203.01759,23081.30451,0.111527044,0.02970186,2.871348121,0.984288698,13.38812851,13.51409411,8.085008781,0.02498699,2258.541933,2254.529811,3.874579444,0.3195403,10.04230661
"78","Spis-CBLM-1262",24.45946516,0.187254509,0.047628155,23203.01759,23081.30451,0.111527044,0.02970186,2.871348121,0.984288698,13.38812851,13.51409411,8.085008781,0.02498699,2258.541933,2254.529811,3.874579444,0.3195403,10.04230661
"79","Spis-CBLM-1264",24.45946516,0.187254509,0.047628155,23203.01759,23081.30451,0.111527044,0.02970186,2.871348121,0.984288698,13.38812851,13.51409411,8.085008781,0.02498699,2258.541933,2254.529811,3.874579444,0.3195403,10.04230661
"80","Spis-CBLM-1271",24.45946516,0.187254509,0.047628155,23203.01759,23081.30451,0.111527044,0.02970186,2.871348121,0.984288698,13.38812851,13.51409411,8.085008781,0.02498699,2258.541933,2254.529811,3.874579444,0.3195403,10.04230661
"81","Spis-CBLM-1274",24.45946516,0.187254509,0.047628155,23203.01759,23081.30451,0.111527044,0.02970186,2.871348121,0.984288698,13.38812851,13.51409411,8.085008781,0.02498699,2258.541933,2254.529811,3.874579444,0.3195403,10.04230661
"82","Spis-CBLM-1275",24.45946516,0.187254509,0.047628155,23203.01759,23081.30451,0.111527044,0.02970186,2.871348121,0.984288698,13.38812851,13.51409411,8.085008781,0.02498699,2258.541933,2254.529811,3.874579444,0.3195403,10.04230661
"83","Spis-LIZA-488",26.92796983,0.204865043,0.124432307,23148.47089,23143.98078,0.020443975,0.046546455,10.89224659,3.790226964,20.16018197,21.42280077,8.061763585,0.025359131,2257.645718,2255.81551,9.934917827,0.119243237,2.310435171
"84","Spis-LIZA-489",26.95539694,0.241379325,0.061121284,23112.23757,23092.23663,0.029837056,0.05762038,10.16419876,2.378014312,19.71691589,17.23672025,8.081654511,0.020474577,2248.826495,2247.591698,6.216204846,0.173748837,9.778565044
"85","Spis-MOOR-383",27.11552305,0.237503734,0.065731549,23132.83042,23121.46079,0.033867487,0.04792629,7.741917748,0.522203649,19.46040146,14.96439485,8.078862332,0.017543478,2260.346548,2257.014941,11.31564516,0.146573666,2.292059476
"86","Spis-MOOR-394",26.86063396,0.190150814,0.031873509,23144.08111,23121.53761,0.037579235,0.028132441,7.060045792,0.433950758,18.67559206,28.27748106,8.017861537,0.025352408,2269.557732,2258.10189,9.997313105,0.160086455,2.292059476
"87","Spis-OCCH-628",26.8436273,0.253341172,0.09481186,23122.81445,23106.59132,0.051270991,0.054920625,3.32179088,1.659303764,19.37770996,18.8519495,8.096143108,0.020997805,2260.751065,2259.593909,4.575347643,0.115433022,5.064659187
"88","Spis-OCCH-629",26.8436273,0.253341172,0.09481186,23122.81445,23106.59132,0.051270991,0.054920625,3.32179088,1.659303764,19.37770996,18.8519495,8.096143108,0.020997805,2260.751065,2259.593909,4.575347643,0.115433022,5.064659187
"89","Spis-OCCH-634",26.8436273,0.253341172,0.09481186,23122.81445,23106.59132,0.051270991,0.054920625,3.32179088,1.659303764,19.37770996,18.8519495,8.096143108,0.020997805,2260.751065,2259.593909,4.575347643,0.115433022,5.064659187
"90","Spis-OCCH-655",26.84933522,0.244459001,0.097260872,23162.43455,23132.59909,0.032746275,0.089718142,3.47150627,1.737744489,21.02656651,22.97992273,8.109659885,0.022512894,2259.391008,2256.382103,3.886470769,0.181915872,8.164867516
"91","Spis-OCCH-659",26.84933522,0.244459001,0.097260872,23162.43455,23132.59909,0.032746275,0.089718142,3.47150627,1.737744489,21.02656651,22.97992273,8.109659885,0.022512894,2259.391008,2256.382103,3.886470769,0.181915872,8.164867516
"92","Spis-OCCH-668",26.84933522,0.244459001,0.097260872,23162.43455,23132.59909,0.032746275,0.089718142,3.47150627,1.737744489,21.02656651,22.97992273,8.109659885,0.022512894,2259.391008,2256.382103,3.886470769,0.181915872,8.164867516
"93","Spis-OCDA-570",26.48633802,0.23595352,0.053526057,23156.08398,23152.81832,0.059443126,0.023912524,3.902042297,2.010036556,20.02455063,25.15579318,8.095155508,0.02154678,2261.345073,2260.673486,5.290377938,0.100757739,10.48164223
"94","Spis-OCDA-573",26.48633802,0.23595352,0.053526057,23156.08398,23152.81832,0.059443126,0.023912524,3.902042297,2.010036556,20.02455063,25.15579318,8.095155508,0.02154678,2261.345073,2260.673486,5.290377938,0.100757739,10.48164223
"95","Spis-OCDA-576",26.48633802,0.23595352,0.053526057,23156.08398,23152.81832,0.059443126,0.023912524,3.902042297,2.010036556,20.02455063,25.15579318,8.095155508,0.02154678,2261.345073,2260.673486,5.290377938,0.100757739,10.48164223
"96","Spis-OCDA-577",26.48633802,0.23595352,0.053526057,23156.08398,23152.81832,0.059443126,0.023912524,3.902042297,2.010036556,20.02455063,25.15579318,8.095155508,0.02154678,2261.345073,2260.673486,5.290377938,0.100757739,10.48164223
"97","Spis-OCDA-579",26.48633802,0.23595352,0.053526057,23156.08398,23152.81832,0.059443126,0.023912524,3.902042297,2.010036556,20.02455063,25.15579318,8.095155508,0.02154678,2261.345073,2260.673486,5.290377938,0.100757739,10.48164223
"98","Spis-OCDA-581",26.48633802,0.23595352,0.053526057,23156.08398,23152.81832,0.059443126,0.023912524,3.902042297,2.010036556,20.02455063,25.15579318,8.095155508,0.02154678,2261.345073,2260.673486,5.290377938,0.100757739,10.48164223
"99","Spis-OCDA-582",26.48633802,0.23595352,0.053526057,23156.08398,23152.81832,0.059443126,0.023912524,3.902042297,2.010036556,20.02455063,25.15579318,8.095155508,0.02154678,2261.345073,2260.673486,5.290377938,0.100757739,10.48164223
"100","Spis-OCDA-588",26.75410596,0.283010463,0.074062557,23149.40848,23118.58309,0.029963248,0.091319084,4.645035283,2.080308078,21.71899826,21.28977131,8.067350787,0.024938178,2267.074674,2261.866522,5.711956353,0.173995002,10.48164223
"101","Spis-OCDA-589",26.75410596,0.283010463,0.074062557,23149.40848,23118.58309,0.029963248,0.091319084,4.645035283,2.080308078,21.71899826,21.28977131,8.067350787,0.024938178,2267.074674,2261.866522,5.711956353,0.173995002,10.48164223
"102","Spis-OCDA-593",26.75410596,0.283010463,0.074062557,23149.40848,23118.58309,0.029963248,0.091319084,4.645035283,2.080308078,21.71899826,21.28977131,8.067350787,0.024938178,2267.074674,2261.866522,5.711956353,0.173995002,10.48164223
"103","Spis-OCDA-594",26.75410596,0.283010463,0.074062557,23149.40848,23118.58309,0.029963248,0.091319084,4.645035283,2.080308078,21.71899826,21.28977131,8.067350787,0.024938178,2267.074674,2261.866522,5.711956353,0.173995002,10.48164223
"104","Spis-OCDA-595",26.75410596,0.283010463,0.074062557,23149.40848,23118.58309,0.029963248,0.091319084,4.645035283,2.080308078,21.71899826,21.28977131,8.067350787,0.024938178,2267.074674,2261.866522,5.711956353,0.173995002,10.48164223
"105","Spis-OCDA-600",26.49510993,0.240101567,0.051187085,23202.12584,23134.1712,0.030681359,0.011780658,4.21309526,1.807741372,20.72549428,21.37090223,8.059585985,0.016677607,2268.283249,2261.863626,6.140848177,0.175930242,10.93571732
"106","Spis-OCDA-601",26.49510993,0.240101567,0.051187085,23202.12584,23134.1712,0.030681359,0.011780658,4.21309526,1.807741372,20.72549428,21.37090223,8.059585985,0.016677607,2268.283249,2261.863626,6.140848177,0.175930242,10.93571732
"107","Spis-OCDA-602",26.49510993,0.240101567,0.051187085,23202.12584,23134.1712,0.030681359,0.011780658,4.21309526,1.807741372,20.72549428,21.37090223,8.059585985,0.016677607,2268.283249,2261.863626,6.140848177,0.175930242,10.93571732
"108","Spis-OCDA-603",26.49510993,0.240101567,0.051187085,23202.12584,23134.1712,0.030681359,0.011780658,4.21309526,1.807741372,20.72549428,21.37090223,8.059585985,0.016677607,2268.283249,2261.863626,6.140848177,0.175930242,10.93571732
"109","Spis-OCDA-613",26.74503898,0.278858164,0.07046472,23159.24225,23146.78741,0.030453378,0.028526148,5.000564517,2.667703656,22.05921102,26.95830085,8.053483913,0.018930797,2268.93741,2266.100232,7.115013196,0.124955117,10.93571732
"110","Spis-OCDA-670",26.50703987,0.232320908,0.063251891,23142.88892,23053.23982,0.033456149,0.009823172,4.942971639,2.330178424,22.01897714,26.19925523,8.055984348,0.023287,2260.785139,2256.122184,4.485440416,0.143581171,2.702430019
"111","Spis-OCDA-672",26.50703987,0.232320908,0.063251891,23142.88892,23053.23982,0.033456149,0.009823172,4.942971639,2.330178424,22.01897714,26.19925523,8.055984348,0.023287,2260.785139,2256.122184,4.485440416,0.143581171,2.702430019
"112","Spis-OCDA-675",26.50703987,0.232320908,0.063251891,23142.88892,23053.23982,0.033456149,0.009823172,4.942971639,2.330178424,22.01897714,26.19925523,8.055984348,0.023287,2260.785139,2256.122184,4.485440416,0.143581171,2.702430019
"113","Spis-OCDA-677",26.50703987,0.232320908,0.063251891,23142.88892,23053.23982,0.033456149,0.009823172,4.942971639,2.330178424,22.01897714,26.19925523,8.055984348,0.023287,2260.785139,2256.122184,4.485440416,0.143581171,2.702430019
"114","Spis-OCDA-679",26.50703987,0.232320908,0.063251891,23142.88892,23053.23982,0.033456149,0.009823172,4.942971639,2.330178424,22.01897714,26.19925523,8.055984348,0.023287,2260.785139,2256.122184,4.485440416,0.143581171,2.702430019
"115","Spis-OCDA-683",26.74366289,0.268554787,0.077989714,23219.4383,23148.0523,0.034167815,0.037034571,3.555104262,1.245059823,20.15847441,15.43808027,8.120045308,0.025042711,2263.651185,2260.974972,4.498013345,0.138008811,2.702430019
"116","Spis-OCDA-691",26.74366289,0.268554787,0.077989714,23219.4383,23148.0523,0.034167815,0.037034571,3.555104262,1.245059823,20.15847441,15.43808027,8.120045308,0.025042711,2263.651185,2260.974972,4.498013345,0.138008811,2.702430019
"117","Spis-OCDA-740",26.73660679,0.287012107,0.082990463,23174.23422,23155.94432,0.329290564,0.059626338,3.967585028,1.69875277,20.92402454,30.20712496,8.028480093,0.02580819,2264.24011,2259.327935,5.779398684,0.134860305,5.558274258
"118","Spis-OCDA-742",26.73660679,0.287012107,0.082990463,23174.23422,23155.94432,0.329290564,0.059626338,3.967585028,1.69875277,20.92402454,30.20712496,8.028480093,0.02580819,2264.24011,2259.327935,5.779398684,0.134860305,5.558274258
"119","Spis-OCDA-743",26.73660679,0.287012107,0.082990463,23174.23422,23155.94432,0.329290564,0.059626338,3.967585028,1.69875277,20.92402454,30.20712496,8.028480093,0.02580819,2264.24011,2259.327935,5.779398684,0.134860305,5.558274258
"120","Spis-OCDA-746",26.73660679,0.287012107,0.082990463,23174.23422,23155.94432,0.329290564,0.059626338,3.967585028,1.69875277,20.92402454,30.20712496,8.028480093,0.02580819,2264.24011,2259.327935,5.779398684,0.134860305,5.558274258
"121","Spis-OCDA-748",26.73660679,0.287012107,0.082990463,23174.23422,23155.94432,0.329290564,0.059626338,3.967585028,1.69875277,20.92402454,30.20712496,8.028480093,0.02580819,2264.24011,2259.327935,5.779398684,0.134860305,5.558274258
"122","Spis-OCDA-749",26.73660679,0.287012107,0.082990463,23174.23422,23155.94432,0.329290564,0.059626338,3.967585028,1.69875277,20.92402454,30.20712496,8.028480093,0.02580819,2264.24011,2259.327935,5.779398684,0.134860305,5.558274258
"123","Spis-OCDA-752",26.73660679,0.287012107,0.082990463,23174.23422,23155.94432,0.329290564,0.059626338,3.967585028,1.69875277,20.92402454,30.20712496,8.028480093,0.02580819,2264.24011,2259.327935,5.779398684,0.134860305,5.558274258
"124","Spis-OCDA-755",26.73660679,0.287012107,0.082990463,23174.23422,23155.94432,0.329290564,0.059626338,3.967585028,1.69875277,20.92402454,30.20712496,8.028480093,0.02580819,2264.24011,2259.327935,5.779398684,0.134860305,5.558274258
"125","Spis-OCDA-757",26.73660679,0.287012107,0.082990463,23174.23422,23155.94432,0.329290564,0.059626338,3.967585028,1.69875277,20.92402454,30.20712496,8.028480093,0.02580819,2264.24011,2259.327935,5.779398684,0.134860305,5.558274258
"126","Spis-OCDA-758",26.73660679,0.287012107,0.082990463,23174.23422,23155.94432,0.329290564,0.059626338,3.967585028,1.69875277,20.92402454,30.20712496,8.028480093,0.02580819,2264.24011,2259.327935,5.779398684,0.134860305,5.558274258
"127","Spis-OCDA-760",26.73394608,0.289946502,0.082177627,23241.7176,23225.1338,0.026280466,0.033701383,4.2162243,2.336227132,20.58919026,16.66208852,8.052607702,0.022752977,2264.508396,2264.150789,5.870384213,0.1244253,5.558274258
"128","Spis-OCDA-762",26.73394608,0.289946502,0.082177627,23241.7176,23225.1338,0.026280466,0.033701383,4.2162243,2.336227132,20.58919026,16.66208852,8.052607702,0.022752977,2264.508396,2264.150789,5.870384213,0.1244253,5.558274258
"129","Spis-OCDA-763",26.73394608,0.289946502,0.082177627,23241.7176,23225.1338,0.026280466,0.033701383,4.2162243,2.336227132,20.58919026,16.66208852,8.052607702,0.022752977,2264.508396,2264.150789,5.870384213,0.1244253,5.558274258
"130","Spis-OCDA-768",26.73394608,0.289946502,0.082177627,23241.7176,23225.1338,0.026280466,0.033701383,4.2162243,2.336227132,20.58919026,16.66208852,8.052607702,0.022752977,2264.508396,2264.150789,5.870384213,0.1244253,5.558274258
"131","Spis-OCDA-770",26.46905949,0.232638287,0.063839827,23213.07751,23108.86974,0.09121885,0.018444142,4.607128513,1.811582685,21.49075133,16.87758408,8.096129863,0.026899067,2267.654969,2257.56418,6.096177018,0.130909358,5.558274258
"132","Spis-OCDA-776",26.46905949,0.232638287,0.063839827,23213.07751,23108.86974,0.09121885,0.018444142,4.607128513,1.811582685,21.49075133,16.87758408,8.096129863,0.026899067,2267.654969,2257.56418,6.096177018,0.130909358,5.558274258
"133","Spis-OCDA-779",26.74381948,0.293276524,0.084205478,23237.13233,23182.18502,0.031929355,0.042976935,4.215770956,1.472650629,21.30941342,29.25104856,8.045395445,0.024680718,2269.729904,2262.487042,6.3878654,0.176443126,5.558274258
"134","Spis-OCDA-781",26.74381948,0.293276524,0.084205478,23237.13233,23182.18502,0.031929355,0.042976935,4.215770956,1.472650629,21.30941342,29.25104856,8.045395445,0.024680718,2269.729904,2262.487042,6.3878654,0.176443126,5.558274258
"135","Spis-OCDA-784",26.74381948,0.293276524,0.084205478,23237.13233,23182.18502,0.031929355,0.042976935,4.215770956,1.472650629,21.30941342,29.25104856,8.045395445,0.024680718,2269.729904,2262.487042,6.3878654,0.176443126,5.558274258
"136","Spis-OCDA-788",26.74381948,0.293276524,0.084205478,23237.13233,23182.18502,0.031929355,0.042976935,4.215770956,1.472650629,21.30941342,29.25104856,8.045395445,0.024680718,2269.729904,2262.487042,6.3878654,0.176443126,5.558274258
"137","Spis-OCLB-697",26.64362908,0.287698864,0.128655069,23198.56181,23180.20578,0.032395682,0.074712169,9.002898316,3.741046616,20.67935771,19.79398018,8.086644007,0.020270935,2269.349914,2261.190184,5.702275634,0.176392504,7.886391026
"138","Spis-OCLB-701",26.64362908,0.287698864,0.128655069,23198.56181,23180.20578,0.032395682,0.074712169,9.002898316,3.741046616,20.67935771,19.79398018,8.086644007,0.020270935,2269.349914,2261.190184,5.702275634,0.176392504,7.886391026
"139","Spis-OCLB-711",26.64813364,0.285326098,0.133996146,23300.877,23184.92436,0.039855657,0.128593818,8.046611318,4.014743601,20.32731049,17.67963579,8.100236207,0.020057776,2267.663783,2264.848015,6.632166384,0.152548298,6.874139307
"140","Spis-OCLB-717",26.64813364,0.285326098,0.133996146,23300.877,23184.92436,0.039855657,0.128593818,8.046611318,4.014743601,20.32731049,17.67963579,8.100236207,0.020057776,2267.663783,2264.848015,6.632166384,0.152548298,6.874139307
"141","Spis-OCLB-720",26.64813364,0.285326098,0.133996146,23300.877,23184.92436,0.039855657,0.128593818,8.046611318,4.014743601,20.32731049,17.67963579,8.100236207,0.020057776,2267.663783,2264.848015,6.632166384,0.152548298,6.874139307
"142","Spis-OCLB-724",26.64813364,0.285326098,0.133996146,23300.877,23184.92436,0.039855657,0.128593818,8.046611318,4.014743601,20.32731049,17.67963579,8.100236207,0.020057776,2267.663783,2264.848015,6.632166384,0.152548298,6.874139307
"143","Spis-OCLB-725",26.63871179,0.290670075,0.134784374,23191.87899,23162.54645,0.045002364,0.050282391,9.117515978,3.561314239,21.09188219,26.2679268,8.04617449,0.023591543,2267.480034,2264.700708,7.532079512,0.155116672,4.583020565
"144","Spis-OCLB-728",26.63871179,0.290670075,0.134784374,23191.87899,23162.54645,0.045002364,0.050282391,9.117515978,3.561314239,21.09188219,26.2679268,8.04617449,0.023591543,2267.480034,2264.700708,7.532079512,0.155116672,4.583020565
"145","Spis-OCLB-731",26.63871179,0.290670075,0.134784374,23191.87899,23162.54645,0.045002364,0.050282391,9.117515978,3.561314239,21.09188219,26.2679268,8.04617449,0.023591543,2267.480034,2264.700708,7.532079512,0.155116672,4.583020565
"146","Spis-OCLB-734",26.63871179,0.290670075,0.134784374,23191.87899,23162.54645,0.045002364,0.050282391,9.117515978,3.561314239,21.09188219,26.2679268,8.04617449,0.023591543,2267.480034,2264.700708,7.532079512,0.155116672,4.583020565
"147","Spis-OCLB-738",26.63871179,0.290670075,0.134784374,23191.87899,23162.54645,0.045002364,0.050282391,9.117515978,3.561314239,21.09188219,26.2679268,8.04617449,0.023591543,2267.480034,2264.700708,7.532079512,0.155116672,4.583020565
"148","Spis-OCLB-739",26.63871179,0.290670075,0.134784374,23191.87899,23162.54645,0.045002364,0.050282391,9.117515978,3.561314239,21.09188219,26.2679268,8.04617449,0.023591543,2267.480034,2264.700708,7.532079512,0.155116672,4.583020565
"149","Spis-ONLI-441",26.96268185,0.260941846,0.06498788,23137.4677,23118.42737,0.014003717,0.086447403,8.883089766,2.029142119,19.2522564,26.73180529,8.023616962,0.02257013,2254.284471,2253.529934,9.29561319,0.137114034,9.66694469
"150","Spis-ONLI-442",26.96268185,0.260941846,0.06498788,23137.4677,23118.42737,0.014003717,0.086447403,8.883089766,2.029142119,19.2522564,26.73180529,8.023616962,0.02257013,2254.284471,2253.529934,9.29561319,0.137114034,9.66694469
"151","Spis-ONLI-443",26.96268185,0.260941846,0.06498788,23137.4677,23118.42737,0.014003717,0.086447403,8.883089766,2.029142119,19.2522564,26.73180529,8.023616962,0.02257013,2254.284471,2253.529934,9.29561319,0.137114034,9.66694469
"152","Spis-ONLI-445",26.96268185,0.260941846,0.06498788,23137.4677,23118.42737,0.014003717,0.086447403,8.883089766,2.029142119,19.2522564,26.73180529,8.023616962,0.02257013,2254.284471,2253.529934,9.29561319,0.137114034,9.66694469
"153","Spis-ONLI-448",26.96268185,0.260941846,0.06498788,23137.4677,23118.42737,0.014003717,0.086447403,8.883089766,2.029142119,19.2522564,26.73180529,8.023616962,0.02257013,2254.284471,2253.529934,9.29561319,0.137114034,9.66694469
"154","Spis-ONLI-449",26.94475989,0.202052198,0.158377424,23181.63902,23154.91439,0.015401293,0.156123814,11.8318148,0.282744964,18.85298854,19.35846586,8.036336712,0.015383195,2262.729841,2254.35194,16.56895803,0.13221925,2.776606044
"155","Spis-ONLI-455",26.94475989,0.202052198,0.158377424,23181.63902,23154.91439,0.015401293,0.156123814,11.8318148,0.282744964,18.85298854,19.35846586,8.036336712,0.015383195,2262.729841,2254.35194,16.56895803,0.13221925,2.776606044
"156","Spis-ONLI-456",26.94475989,0.202052198,0.158377424,23181.63902,23154.91439,0.015401293,0.156123814,11.8318148,0.282744964,18.85298854,19.35846586,8.036336712,0.015383195,2262.729841,2254.35194,16.56895803,0.13221925,2.776606044
"157","Spis-ONLI-465",26.99660712,0.21237832,0.183848402,23116.70741,23105.52485,0.017947656,0.019872916,8.114865297,0.805069702,19.87676398,21.33868026,8.043239639,0.022057543,2263.82721,2257.11152,17.03632578,0.157765045,5.723456784
"158","Spis-ONLI-467",26.99660712,0.21237832,0.183848402,23116.70741,23105.52485,0.017947656,0.019872916,8.114865297,0.805069702,19.87676398,21.33868026,8.043239639,0.022057543,2263.82721,2257.11152,17.03632578,0.157765045,5.723456784
"159","Spis-ONLI-468",26.99660712,0.21237832,0.183848402,23116.70741,23105.52485,0.017947656,0.019872916,8.114865297,0.805069702,19.87676398,21.33868026,8.043239639,0.022057543,2263.82721,2257.11152,17.03632578,0.157765045,5.723456784
"160","Spis-ONLI-484",26.92796983,0.204865043,0.124432307,23148.47089,23143.98078,0.020443975,0.046546455,10.89224659,3.790226964,20.16018197,21.42280077,8.061763585,0.025359131,2257.645718,2255.81551,9.934917827,0.119243237,2.310435171
"161","Spis-ONLI-486",26.92796983,0.204865043,0.124432307,23148.47089,23143.98078,0.020443975,0.046546455,10.89224659,3.790226964,20.16018197,21.42280077,8.061763585,0.025359131,2257.645718,2255.81551,9.934917827,0.119243237,2.310435171
"162","Spis-ONLI-490",26.95539694,0.241379325,0.061121284,23112.23757,23092.23663,0.029837056,0.05762038,10.16419876,2.378014312,19.71691589,17.23672025,8.081654511,0.020474577,2248.826495,2247.591698,6.216204846,0.173748837,9.778565044
"163","Spis-ONLI-491",26.95539694,0.241379325,0.061121284,23112.23757,23092.23663,0.029837056,0.05762038,10.16419876,2.378014312,19.71691589,17.23672025,8.081654511,0.020474577,2248.826495,2247.591698,6.216204846,0.173748837,9.778565044
"164","Spis-ONLI-493",26.95539694,0.241379325,0.061121284,23112.23757,23092.23663,0.029837056,0.05762038,10.16419876,2.378014312,19.71691589,17.23672025,8.081654511,0.020474577,2248.826495,2247.591698,6.216204846,0.173748837,9.778565044
"165","Spis-ONLI-494",26.95539694,0.241379325,0.061121284,23112.23757,23092.23663,0.029837056,0.05762038,10.16419876,2.378014312,19.71691589,17.23672025,8.081654511,0.020474577,2248.826495,2247.591698,6.216204846,0.173748837,9.778565044
"166","Spis-ONLI-792",26.96268185,0.260941846,0.06498788,23137.4677,23118.42737,0.014003717,0.086447403,8.883089766,2.029142119,19.2522564,26.73180529,8.023616962,0.02257013,2254.284471,2253.529934,9.29561319,0.137114034,9.66694469
"167","Spis-ONLI-793",26.96268185,0.260941846,0.06498788,23137.4677,23118.42737,0.014003717,0.086447403,8.883089766,2.029142119,19.2522564,26.73180529,8.023616962,0.02257013,2254.284471,2253.529934,9.29561319,0.137114034,9.66694469
"168","Spis-ONLI-798",26.96268185,0.260941846,0.06498788,23137.4677,23118.42737,0.014003717,0.086447403,8.883089766,2.029142119,19.2522564,26.73180529,8.023616962,0.02257013,2254.284471,2253.529934,9.29561319,0.137114034,9.66694469
"169","Spis-ONLI-804",26.92796983,0.204865043,0.124432307,23148.47089,23143.98078,0.020443975,0.046546455,10.89224659,3.790226964,20.16018197,21.42280077,8.061763585,0.025359131,2257.645718,2255.81551,9.934917827,0.119243237,2.310435171
"170","Spis-ONLI-805",26.92796983,0.204865043,0.124432307,23148.47089,23143.98078,0.020443975,0.046546455,10.89224659,3.790226964,20.16018197,21.42280077,8.061763585,0.025359131,2257.645718,2255.81551,9.934917827,0.119243237,2.310435171
"171","Spis-ONLI-807",26.92796983,0.204865043,0.124432307,23148.47089,23143.98078,0.020443975,0.046546455,10.89224659,3.790226964,20.16018197,21.42280077,8.061763585,0.025359131,2257.645718,2255.81551,9.934917827,0.119243237,2.310435171
"172","Spis-ONLI-810",26.96866103,0.187708513,0.052477699,23139.39206,23117.08876,0.034448218,0.014166138,7.745638909,2.295325925,18.25964605,17.0846189,8.088181854,0.025681149,2266.476943,2256.459901,14.20081226,0.177167066,38.27085569
"173","Spis-ONLI-814",26.96866103,0.187708513,0.052477699,23139.39206,23117.08876,0.034448218,0.014166138,7.745638909,2.295325925,18.25964605,17.0846189,8.088181854,0.025681149,2266.476943,2256.459901,14.20081226,0.177167066,38.27085569
"174","Spis-ONLI-815",26.96866103,0.187708513,0.052477699,23139.39206,23117.08876,0.034448218,0.014166138,7.745638909,2.295325925,18.25964605,17.0846189,8.088181854,0.025681149,2266.476943,2256.459901,14.20081226,0.177167066,38.27085569
"175","Spis-ONLI-817",26.99660712,0.21237832,0.183848402,23116.70741,23105.52485,0.017947656,0.019872916,8.114865297,0.805069702,19.87676398,21.33868026,8.043239639,0.022057543,2263.82721,2257.11152,17.03632578,0.157765045,5.723456784
"176","Spis-ONLI-820",26.99660712,0.21237832,0.183848402,23116.70741,23105.52485,0.017947656,0.019872916,8.114865297,0.805069702,19.87676398,21.33868026,8.043239639,0.022057543,2263.82721,2257.11152,17.03632578,0.157765045,5.723456784
"177","Spis-ONLI-822",26.99660712,0.21237832,0.183848402,23116.70741,23105.52485,0.017947656,0.019872916,8.114865297,0.805069702,19.87676398,21.33868026,8.043239639,0.022057543,2263.82721,2257.11152,17.03632578,0.157765045,5.723456784
"178","Spis-ONLI-823",26.99660712,0.21237832,0.183848402,23116.70741,23105.52485,0.017947656,0.019872916,8.114865297,0.805069702,19.87676398,21.33868026,8.043239639,0.022057543,2263.82721,2257.11152,17.03632578,0.157765045,5.723456784
"179","Spis-ONMO-327",26.92299665,0.209044624,0.048586503,23141.36681,23089.22534,0.040966597,0.03443363,8.126372444,3.612694021,21.14805454,20.73646655,8.090636251,0.02340821,2269.61584,2254.630553,6.431040635,0.12908891,12.10456469
"180","Spis-ONMO-328",26.92299665,0.209044624,0.048586503,23141.36681,23089.22534,0.040966597,0.03443363,8.126372444,3.612694021,21.14805454,20.73646655,8.090636251,0.02340821,2269.61584,2254.630553,6.431040635,0.12908891,12.10456469
"181","Spis-ONMO-333",26.92299665,0.209044624,0.048586503,23141.36681,23089.22534,0.040966597,0.03443363,8.126372444,3.612694021,21.14805454,20.73646655,8.090636251,0.02340821,2269.61584,2254.630553,6.431040635,0.12908891,12.10456469
"182","Spis-ONMO-334",26.92299665,0.209044624,0.048586503,23141.36681,23089.22534,0.040966597,0.03443363,8.126372444,3.612694021,21.14805454,20.73646655,8.090636251,0.02340821,2269.61584,2254.630553,6.431040635,0.12908891,12.10456469
"183","Spis-ONMO-342",27.14692974,0.266606301,0.067317135,23154.36154,23143.07743,0.043848839,0.115417937,7.643318784,2.145217954,19.28718865,21.44101055,8.073759662,0.022519013,2269.584531,2257.497758,6.552334799,0.107126307,12.10456469
"184","Spis-ONMO-347",26.89998181,0.188079289,0.033187546,23080.57376,23069.54118,0.028539079,0.014963991,8.748673047,0.931930135,17.35051596,17.34776664,8.116309117,0.029198318,2262.703887,2255.743498,8.108554191,0.116627738,11.19685145
"185","Spis-ONMO-348",26.89998181,0.188079289,0.033187546,23080.57376,23069.54118,0.028539079,0.014963991,8.748673047,0.931930135,17.35051596,17.34776664,8.116309117,0.029198318,2262.703887,2255.743498,8.108554191,0.116627738,11.19685145
"186","Spis-ONMO-349",26.89998181,0.188079289,0.033187546,23080.57376,23069.54118,0.028539079,0.014963991,8.748673047,0.931930135,17.35051596,17.34776664,8.116309117,0.029198318,2262.703887,2255.743498,8.108554191,0.116627738,11.19685145
"187","Spis-ONMO-350",26.89998181,0.188079289,0.033187546,23080.57376,23069.54118,0.028539079,0.014963991,8.748673047,0.931930135,17.35051596,17.34776664,8.116309117,0.029198318,2262.703887,2255.743498,8.108554191,0.116627738,11.19685145
"188","Spis-ONMO-351",26.89998181,0.188079289,0.033187546,23080.57376,23069.54118,0.028539079,0.014963991,8.748673047,0.931930135,17.35051596,17.34776664,8.116309117,0.029198318,2262.703887,2255.743498,8.108554191,0.116627738,11.19685145
"189","Spis-ONMO-360",27.13843675,0.251074294,0.062043513,23145.89423,23131.0231,0.022090003,0.094705023,8.611457564,1.525933956,17.3165355,18.98564731,8.073025119,0.022837523,2256.825775,2254.272595,6.142145932,0.099951019,11.19685145
"190","Spis-ONMO-362",27.13843675,0.251074294,0.062043513,23145.89423,23131.0231,0.022090003,0.094705023,8.611457564,1.525933956,17.3165355,18.98564731,8.073025119,0.022837523,2256.825775,2254.272595,6.142145932,0.099951019,11.19685145
"191","Spis-ONMO-363",27.13843675,0.251074294,0.062043513,23145.89423,23131.0231,0.022090003,0.094705023,8.611457564,1.525933956,17.3165355,18.98564731,8.073025119,0.022837523,2256.825775,2254.272595,6.142145932,0.099951019,11.19685145
"192","Spis-ONMO-364",27.13843675,0.251074294,0.062043513,23145.89423,23131.0231,0.022090003,0.094705023,8.611457564,1.525933956,17.3165355,18.98564731,8.073025119,0.022837523,2256.825775,2254.272595,6.142145932,0.099951019,11.19685145
"193","Spis-ONMO-381",27.11552305,0.237503734,0.065731549,23132.83042,23121.46079,0.033867487,0.04792629,7.741917748,0.522203649,19.46040146,14.96439485,8.078862332,0.017543478,2260.346548,2257.014941,11.31564516,0.146573666,2.292059476
"194","Spis-ONMO-382",27.11552305,0.237503734,0.065731549,23132.83042,23121.46079,0.033867487,0.04792629,7.741917748,0.522203649,19.46040146,14.96439485,8.078862332,0.017543478,2260.346548,2257.014941,11.31564516,0.146573666,2.292059476
"195","Spis-ONMO-385",27.11552305,0.237503734,0.065731549,23132.83042,23121.46079,0.033867487,0.04792629,7.741917748,0.522203649,19.46040146,14.96439485,8.078862332,0.017543478,2260.346548,2257.014941,11.31564516,0.146573666,2.292059476
"196","Spis-ONMO-386",27.11552305,0.237503734,0.065731549,23132.83042,23121.46079,0.033867487,0.04792629,7.741917748,0.522203649,19.46040146,14.96439485,8.078862332,0.017543478,2260.346548,2257.014941,11.31564516,0.146573666,2.292059476
"197","Spis-ONMO-393",26.86063396,0.190150814,0.031873509,23144.08111,23121.53761,0.037579235,0.028132441,7.060045792,0.433950758,18.67559206,28.27748106,8.017861537,0.025352408,2269.557732,2258.10189,9.997313105,0.160086455,2.292059476
"198","Spis-ONMO-395",26.86063396,0.190150814,0.031873509,23144.08111,23121.53761,0.037579235,0.028132441,7.060045792,0.433950758,18.67559206,28.27748106,8.017861537,0.025352408,2269.557732,2258.10189,9.997313105,0.160086455,2.292059476
"199","Spis-ONMO-396",26.86063396,0.190150814,0.031873509,23144.08111,23121.53761,0.037579235,0.028132441,7.060045792,0.433950758,18.67559206,28.27748106,8.017861537,0.025352408,2269.557732,2258.10189,9.997313105,0.160086455,2.292059476
"200","Spis-ONMO-403",26.90916109,0.207436721,0.047190467,23167.78845,23154.13502,0.03182816,0.056640576,6.317378502,2.554414078,20.55254808,22.97989994,8.091031865,0.02459479,2257.497533,2257.019666,9.16584554,0.138217907,1.278414773
"201","Spis-ONMO-404",26.90916109,0.207436721,0.047190467,23167.78845,23154.13502,0.03182816,0.056640576,6.317378502,2.554414078,20.55254808,22.97989994,8.091031865,0.02459479,2257.497533,2257.019666,9.16584554,0.138217907,1.278414773
"202","Spis-ONMO-408",26.90916109,0.207436721,0.047190467,23167.78845,23154.13502,0.03182816,0.056640576,6.317378502,2.554414078,20.55254808,22.97989994,8.091031865,0.02459479,2257.497533,2257.019666,9.16584554,0.138217907,1.278414773
"203","Spis-ONMO-410",26.90916109,0.207436721,0.047190467,23167.78845,23154.13502,0.03182816,0.056640576,6.317378502,2.554414078,20.55254808,22.97989994,8.091031865,0.02459479,2257.497533,2257.019666,9.16584554,0.138217907,1.278414773
"204","Spis-ONMO-412",26.90916109,0.207436721,0.047190467,23167.78845,23154.13502,0.03182816,0.056640576,6.317378502,2.554414078,20.55254808,22.97989994,8.091031865,0.02459479,2257.497533,2257.019666,9.16584554,0.138217907,1.278414773
"205","Spis-ONMO-414",26.83933694,0.160684276,0.074583313,23134.9771,23100.28478,0.033328538,0.014731207,7.102607656,1.100669792,19.81285422,22.32033277,8.067371394,0.020944426,2261.399636,2257.04476,6.273702225,0.101099166,2.227833391
"206","Spis-ONMO-415",26.83933694,0.160684276,0.074583313,23134.9771,23100.28478,0.033328538,0.014731207,7.102607656,1.100669792,19.81285422,22.32033277,8.067371394,0.020944426,2261.399636,2257.04476,6.273702225,0.101099166,2.227833391
"207","Spis-ONMO-416",26.83933694,0.160684276,0.074583313,23134.9771,23100.28478,0.033328538,0.014731207,7.102607656,1.100669792,19.81285422,22.32033277,8.067371394,0.020944426,2261.399636,2257.04476,6.273702225,0.101099166,2.227833391
"208","Spis-ONMO-419",26.83933694,0.160684276,0.074583313,23134.9771,23100.28478,0.033328538,0.014731207,7.102607656,1.100669792,19.81285422,22.32033277,8.067371394,0.020944426,2261.399636,2257.04476,6.273702225,0.101099166,2.227833391
"209","Spis-ONMO-427",27.11248219,0.23054173,0.102803212,23189.74911,23145.55405,0.025921678,0.041075764,5.559488262,0.22209457,17.35146699,19.06750059,8.088945643,0.01894995,2264.854338,2257.877774,10.92191869,0.152533658,2.227833391
"210","Spis-PAOR-545",26.72274514,0.17503674,0.017290841,23054.35717,23041.93663,0.019924536,0.223520181,7.705051299,0.69696578,15.40017348,18.13237509,8.022975191,0.024969778,2275.318448,2249.448831,18.87833761,0.166306158,1.299310113
"211","Spis-PAOR-548",26.72274514,0.17503674,0.017290841,23054.35717,23041.93663,0.019924536,0.223520181,7.705051299,0.69696578,15.40017348,18.13237509,8.022975191,0.024969778,2275.318448,2249.448831,18.87833761,0.166306158,1.299310113
"212","Spis-PAOR-550",26.72274514,0.17503674,0.017290841,23054.35717,23041.93663,0.019924536,0.223520181,7.705051299,0.69696578,15.40017348,18.13237509,8.022975191,0.024969778,2275.318448,2249.448831,18.87833761,0.166306158,1.299310113
"213","Spis-PAOR-551",26.72274514,0.17503674,0.017290841,23054.35717,23041.93663,0.019924536,0.223520181,7.705051299,0.69696578,15.40017348,18.13237509,8.022975191,0.024969778,2275.318448,2249.448831,18.87833761,0.166306158,1.299310113
"214","Spis-PAPE-528",26.71773304,0.167808932,0.066148988,23196.01589,23059.86434,0.017877568,0.143184893,5.409925626,0.240498322,13.62274481,16.1741358,8.054357177,0.022229452,2275.879962,2243.242108,18.05158261,0.170576936,10.2872435
"215","Spis-PAPE-529",26.71773304,0.167808932,0.066148988,23196.01589,23059.86434,0.017877568,0.143184893,5.409925626,0.240498322,13.62274481,16.1741358,8.054357177,0.022229452,2275.879962,2243.242108,18.05158261,0.170576936,10.2872435
"216","Spis-PAPE-530",26.71773304,0.167808932,0.066148988,23196.01589,23059.86434,0.017877568,0.143184893,5.409925626,0.240498322,13.62274481,16.1741358,8.054357177,0.022229452,2275.879962,2243.242108,18.05158261,0.170576936,10.2872435
"217","Spis-PAPE-531",26.71773304,0.167808932,0.066148988,23196.01589,23059.86434,0.017877568,0.143184893,5.409925626,0.240498322,13.62274481,16.1741358,8.054357177,0.022229452,2275.879962,2243.242108,18.05158261,0.170576936,10.2872435
"218","Spis-PAPE-532",26.71773304,0.167808932,0.066148988,23196.01589,23059.86434,0.017877568,0.143184893,5.409925626,0.240498322,13.62274481,16.1741358,8.054357177,0.022229452,2275.879962,2243.242108,18.05158261,0.170576936,10.2872435
"219","Spis-PAPE-533",26.71773304,0.167808932,0.066148988,23196.01589,23059.86434,0.017877568,0.143184893,5.409925626,0.240498322,13.62274481,16.1741358,8.054357177,0.022229452,2275.879962,2243.242108,18.05158261,0.170576936,10.2872435
"220","Spis-PAPE-535",26.71773304,0.167808932,0.066148988,23196.01589,23059.86434,0.017877568,0.143184893,5.409925626,0.240498322,13.62274481,16.1741358,8.054357177,0.022229452,2275.879962,2243.242108,18.05158261,0.170576936,10.2872435
"221","Spis-PAPE-538",26.71773304,0.167808932,0.066148988,23196.01589,23059.86434,0.017877568,0.143184893,5.409925626,0.240498322,13.62274481,16.1741358,8.054357177,0.022229452,2275.879962,2243.242108,18.05158261,0.170576936,10.2872435
"222","Spis-PAPE-539",26.71773304,0.167808932,0.066148988,23196.01589,23059.86434,0.017877568,0.143184893,5.409925626,0.240498322,13.62274481,16.1741358,8.054357177,0.022229452,2275.879962,2243.242108,18.05158261,0.170576936,10.2872435
"223","Spis-PAPE-540",26.71773304,0.167808932,0.066148988,23196.01589,23059.86434,0.017877568,0.143184893,5.409925626,0.240498322,13.62274481,16.1741358,8.054357177,0.022229452,2275.879962,2243.242108,18.05158261,0.170576936,10.2872435
"224","Spis-PAPE-541",26.70440096,0.184962457,0.0374678,23144.36582,23083.3482,0.028940472,0.071686482,9.19591336,2.002538696,15.08957088,16.34488178,8.09431635,0.025408059,2275.902363,2267.545594,22.61701758,0.118479888,1.307423558
"225","Spis-PAPE-542",26.70440096,0.184962457,0.0374678,23144.36582,23083.3482,0.028940472,0.071686482,9.19591336,2.002538696,15.08957088,16.34488178,8.09431635,0.025408059,2275.902363,2267.545594,22.61701758,0.118479888,1.307423558
"226","Spis-PAPE-543",26.70440096,0.184962457,0.0374678,23144.36582,23083.3482,0.028940472,0.071686482,9.19591336,2.002538696,15.08957088,16.34488178,8.09431635,0.025408059,2275.902363,2267.545594,22.61701758,0.118479888,1.307423558
"227","Spis-PAPE-558",27.0099795,0.310560268,0.068695194,23306.08084,23104.22544,0.104791013,0.0759623,4.868322709,0.247047678,11.61609727,7.104557445,8.084742911,0.023710895,2255.959496,2250.176401,26.3437038,0.198534412,1.564702033
"228","Spis-PAPE-562",27.0099795,0.310560268,0.068695194,23306.08084,23104.22544,0.104791013,0.0759623,4.868322709,0.247047678,11.61609727,7.104557445,8.084742911,0.023710895,2255.959496,2250.176401,26.3437038,0.198534412,1.564702033
"229","Spis-PAPE-564",27.0099795,0.310560268,0.068695194,23306.08084,23104.22544,0.104791013,0.0759623,4.868322709,0.247047678,11.61609727,7.104557445,8.084742911,0.023710895,2255.959496,2250.176401,26.3437038,0.198534412,1.564702033
"230","Spis-PAPE-566",26.70623052,0.200043347,0.054890832,23268.75667,23196.45263,0.233346987,0.166599344,6.057402571,0.075362518,12.80816852,3.704344772,8.014491535,0.02762736,2270.379193,2265.531699,26.03409166,0.217771636,1.564702033
