"Sample_names","Samples.renames","Population","EcoReefID","EcoLocationID_short","LAT","LON","X1985y_Closest","X1986y_Closest","X1987y_Closest","X1988y_Closest","X1989y_Closest","X1990y_Closest","X1991y_Closest","X1992y_Closest","X1993y_Closest","X1994y_Closest","X1995y_Closest","X1996y_Closest","X1997y_Closest","X1998y_Closest","X1999y_Closest","X2000y_Closest","X2001y_Closest","X2002y_Closest","X2003y_Closest","X2004y_Closest","X2005y_Closest","X2006y_Closest","X2007y_Closest","X2008y_Closest","X2009y_Closest","X2010y_Closest","X2011y_Closest","X2012y_Closest","X2013y_Closest","X2014y_Closest","X2015y_Closest","X2016y_Closest","X2017y_Closest","X2018y_Closest","X2019y_Closest","X2020y_Closest","X2021y_Closest","X2022y_Closest","X2023y_Closest","X2024y_Closest"
"BLCH101A","BLCH101A","OffshoreCentral","Davies","OCDA_BA2S",-18.8145,147.6372,25.74,26.23,26.25,26.22,25.85,25.57,25.48,25.88,25.8,25.75,26.01,26.22,25.55,26.7,25.8,25.56,26.26,26.09,26.21,26.16,26.11,25.74,25.84,25.94,26.5,26.73,25.9,25.97,26.32,26.09,26.4,27.02,26.58,26.22,25.9,26.55,26.64,26.91,26.65,26.76
"BLCH105A","BLCH105A","OffshoreCentral","Davies","OCDA_LA1S",-18.833,147.63338,25.74,26.23,26.25,26.22,25.85,25.57,25.48,25.88,25.8,25.75,26.01,26.22,25.55,26.7,25.8,25.56,26.26,26.09,26.21,26.16,26.11,25.74,25.84,25.94,26.5,26.73,25.9,25.97,26.32,26.09,26.4,27.02,26.58,26.22,25.9,26.55,26.64,26.91,26.65,26.76
"BLCH107A","BLCH107A","OffshoreCentral","Davies","OCDA_LA1S",-18.833,147.63338,25.74,26.23,26.25,26.22,25.85,25.57,25.48,25.88,25.8,25.75,26.01,26.22,25.55,26.7,25.8,25.56,26.26,26.09,26.21,26.16,26.11,25.74,25.84,25.94,26.5,26.73,25.9,25.97,26.32,26.09,26.4,27.02,26.58,26.22,25.9,26.55,26.64,26.91,26.65,26.76
"BLCH108A","BLCH108A","OffshoreCentral","Davies","OCDA_FL1S",-18.80575,147.6686,25.74,26.23,26.25,26.22,25.85,25.57,25.48,25.88,25.8,25.75,26.01,26.22,25.55,26.7,25.8,25.56,26.26,26.09,26.21,26.16,26.11,25.74,25.84,25.94,26.5,26.73,25.9,25.97,26.32,26.09,26.4,27.02,26.58,26.22,25.9,26.55,26.64,26.91,26.65,26.76
"BLCH109A","BLCH109A","OffshoreCentral","Davies","OCDA_FL1S",-18.80575,147.6686,25.74,26.23,26.25,26.22,25.85,25.57,25.48,25.88,25.8,25.75,26.01,26.22,25.55,26.7,25.8,25.56,26.26,26.09,26.21,26.16,26.11,25.74,25.84,25.94,26.5,26.73,25.9,25.97,26.32,26.09,26.4,27.02,26.58,26.22,25.9,26.55,26.64,26.91,26.65,26.76
"BLCH10A","BLCH10A","OffshoreCentral","Davies","OCDA_BA1S",-18.8259,147.62727,25.74,26.23,26.25,26.22,25.85,25.57,25.48,25.88,25.8,25.75,26.01,26.22,25.55,26.7,25.8,25.56,26.26,26.09,26.21,26.16,26.11,25.74,25.84,25.94,26.5,26.73,25.9,25.97,26.32,26.09,26.4,27.02,26.58,26.22,25.9,26.55,26.64,26.91,26.65,26.76
"BLCH112A","BLCH112A","OffshoreCentral","Davies","OCDA_FL1S",-18.80575,147.6686,25.74,26.23,26.25,26.22,25.85,25.57,25.48,25.88,25.8,25.75,26.01,26.22,25.55,26.7,25.8,25.56,26.26,26.09,26.21,26.16,26.11,25.74,25.84,25.94,26.5,26.73,25.9,25.97,26.32,26.09,26.4,27.02,26.58,26.22,25.9,26.55,26.64,26.91,26.65,26.76
"BLCH114A","BLCH114A","OffshoreCentral","Davies","OCDA_FL1S",-18.80575,147.6686,25.74,26.23,26.25,26.22,25.85,25.57,25.48,25.88,25.8,25.75,26.01,26.22,25.55,26.7,25.8,25.56,26.26,26.09,26.21,26.16,26.11,25.74,25.84,25.94,26.5,26.73,25.9,25.97,26.32,26.09,26.4,27.02,26.58,26.22,25.9,26.55,26.64,26.91,26.65,26.76
"BLCH117A","BLCH117A","OffshoreCentral","Davies","OCDA_FL1S",-18.80575,147.6686,25.74,26.23,26.25,26.22,25.85,25.57,25.48,25.88,25.8,25.75,26.01,26.22,25.55,26.7,25.8,25.56,26.26,26.09,26.21,26.16,26.11,25.74,25.84,25.94,26.5,26.73,25.9,25.97,26.32,26.09,26.4,27.02,26.58,26.22,25.9,26.55,26.64,26.91,26.65,26.76
"BLCH118A","BLCH118A","OffshoreCentral","Davies","OCDA_FL1S",-18.80575,147.6686,25.74,26.23,26.25,26.22,25.85,25.57,25.48,25.88,25.8,25.75,26.01,26.22,25.55,26.7,25.8,25.56,26.26,26.09,26.21,26.16,26.11,25.74,25.84,25.94,26.5,26.73,25.9,25.97,26.32,26.09,26.4,27.02,26.58,26.22,25.9,26.55,26.64,26.91,26.65,26.76
"BLCH11A","BLCH11A","OffshoreCentral","Davies","OCDA_BA1S",-18.8259,147.62727,25.74,26.23,26.25,26.22,25.85,25.57,25.48,25.88,25.8,25.75,26.01,26.22,25.55,26.7,25.8,25.56,26.26,26.09,26.21,26.16,26.11,25.74,25.84,25.94,26.5,26.73,25.9,25.97,26.32,26.09,26.4,27.02,26.58,26.22,25.9,26.55,26.64,26.91,26.65,26.76
"BLCH120A","BLCH120A","OffshoreCentral","Davies","OCDA_FL1S",-18.80575,147.6686,25.74,26.23,26.25,26.22,25.85,25.57,25.48,25.88,25.8,25.75,26.01,26.22,25.55,26.7,25.8,25.56,26.26,26.09,26.21,26.16,26.11,25.74,25.84,25.94,26.5,26.73,25.9,25.97,26.32,26.09,26.4,27.02,26.58,26.22,25.9,26.55,26.64,26.91,26.65,26.76
"BLCH121A","BLCH121A","OffshoreCentral","Davies","OCDA_FL1S",-18.80575,147.6686,25.74,26.23,26.25,26.22,25.85,25.57,25.48,25.88,25.8,25.75,26.01,26.22,25.55,26.7,25.8,25.56,26.26,26.09,26.21,26.16,26.11,25.74,25.84,25.94,26.5,26.73,25.9,25.97,26.32,26.09,26.4,27.02,26.58,26.22,25.9,26.55,26.64,26.91,26.65,26.76
"BLCH122A","BLCH122A","OffshoreCentral","Davies","OCDA_FL1S",-18.80575,147.6686,25.74,26.23,26.25,26.22,25.85,25.57,25.48,25.88,25.8,25.75,26.01,26.22,25.55,26.7,25.8,25.56,26.26,26.09,26.21,26.16,26.11,25.74,25.84,25.94,26.5,26.73,25.9,25.97,26.32,26.09,26.4,27.02,26.58,26.22,25.9,26.55,26.64,26.91,26.65,26.76
"BLCH145A","BLCH145A","OffshoreCentral","Chicken","OCCH_BA1S",-18.6532055,147.708533,25.9,26.31,26.33,26.39,26,25.77,25.56,26.01,25.91,25.92,26.12,26.37,25.63,26.86,25.93,25.71,26.39,26.25,26.35,26.32,26.27,25.89,26.03,26.16,26.65,26.96,26.16,26.18,26.53,26.26,26.53,27.2,26.72,26.38,26.08,26.76,26.83,27.13,26.82,26.96
"BLCH148A","BLCH148A","OffshoreCentral","Chicken","OCCH_BA1S",-18.6532055,147.708533,25.9,26.31,26.33,26.39,26,25.77,25.56,26.01,25.91,25.92,26.12,26.37,25.63,26.86,25.93,25.71,26.39,26.25,26.35,26.32,26.27,25.89,26.03,26.16,26.65,26.96,26.16,26.18,26.53,26.26,26.53,27.2,26.72,26.38,26.08,26.76,26.83,27.13,26.82,26.96
"BLCH151A","BLCH151A","OffshoreCentral","Chicken","OCCH_BA1S",-18.6532055,147.708533,25.9,26.31,26.33,26.39,26,25.77,25.56,26.01,25.91,25.92,26.12,26.37,25.63,26.86,25.93,25.71,26.39,26.25,26.35,26.32,26.27,25.89,26.03,26.16,26.65,26.96,26.16,26.18,26.53,26.26,26.53,27.2,26.72,26.38,26.08,26.76,26.83,27.13,26.82,26.96
"BLCH152A","BLCH152A","OffshoreCentral","Chicken","OCCH_BA1S",-18.6532055,147.708533,25.9,26.31,26.33,26.39,26,25.77,25.56,26.01,25.91,25.92,26.12,26.37,25.63,26.86,25.93,25.71,26.39,26.25,26.35,26.32,26.27,25.89,26.03,26.16,26.65,26.96,26.16,26.18,26.53,26.26,26.53,27.2,26.72,26.38,26.08,26.76,26.83,27.13,26.82,26.96
"BLCH154A","BLCH154A","OffshoreCentral","Chicken","OCCH_BA1S",-18.6532055,147.708533,25.9,26.31,26.33,26.39,26,25.77,25.56,26.01,25.91,25.92,26.12,26.37,25.63,26.86,25.93,25.71,26.39,26.25,26.35,26.32,26.27,25.89,26.03,26.16,26.65,26.96,26.16,26.18,26.53,26.26,26.53,27.2,26.72,26.38,26.08,26.76,26.83,27.13,26.82,26.96
"BLCH157A","BLCH157A","OffshoreCentral","Chicken","OCCH_BA1S",-18.6532055,147.708533,25.9,26.31,26.33,26.39,26,25.77,25.56,26.01,25.91,25.92,26.12,26.37,25.63,26.86,25.93,25.71,26.39,26.25,26.35,26.32,26.27,25.89,26.03,26.16,26.65,26.96,26.16,26.18,26.53,26.26,26.53,27.2,26.72,26.38,26.08,26.76,26.83,27.13,26.82,26.96
"BLCH16A","BLCH16A","OffshoreCentral","Davies","OCDA_BA1S",-18.8259,147.62727,25.74,26.23,26.25,26.22,25.85,25.57,25.48,25.88,25.8,25.75,26.01,26.22,25.55,26.7,25.8,25.56,26.26,26.09,26.21,26.16,26.11,25.74,25.84,25.94,26.5,26.73,25.9,25.97,26.32,26.09,26.4,27.02,26.58,26.22,25.9,26.55,26.64,26.91,26.65,26.76
"BLCH174A","BLCH174A","OffshoreCentral","Chicken","OCCH_BA2S",-18.6604,147.7027,25.9,26.31,26.33,26.39,26,25.77,25.56,26.01,25.91,25.92,26.12,26.37,25.63,26.86,25.93,25.71,26.39,26.25,26.35,26.32,26.27,25.89,26.03,26.16,26.65,26.96,26.16,26.18,26.53,26.26,26.53,27.2,26.72,26.38,26.08,26.76,26.83,27.13,26.82,26.96
"BLCH182A","BLCH182A","OffshoreCentral","Little Broadhurst","OCLB_FL1S",-18.944062,147.699285,25.64,26.16,26.18,26.13,25.75,25.46,25.45,25.82,25.75,25.65,25.97,26.12,25.49,26.63,25.7,25.46,26.16,26.04,26.14,26.1,26.07,25.66,25.77,25.85,26.43,26.62,25.79,25.89,26.24,26.02,26.34,26.94,26.52,26.16,25.83,26.47,26.56,26.82,26.59,26.68
"BLCH184B","BLCH184B","OffshoreCentral","Little Broadhurst","OCLB_BA1S",-18.9493475,147.6929265,25.64,26.16,26.18,26.13,25.75,25.46,25.45,25.82,25.75,25.65,25.97,26.12,25.49,26.63,25.7,25.46,26.16,26.04,26.14,26.1,26.07,25.66,25.77,25.85,26.43,26.62,25.79,25.89,26.24,26.02,26.34,26.94,26.52,26.16,25.83,26.47,26.56,26.82,26.59,26.68
"BLCH190A","BLCH190A","OffshoreCentral","Little Broadhurst","OCLB_FL1S",-18.944062,147.699285,25.64,26.16,26.18,26.13,25.75,25.46,25.45,25.82,25.75,25.65,25.97,26.12,25.49,26.63,25.7,25.46,26.16,26.04,26.14,26.1,26.07,25.66,25.77,25.85,26.43,26.62,25.79,25.89,26.24,26.02,26.34,26.94,26.52,26.16,25.83,26.47,26.56,26.82,26.59,26.68
"BLCH193B","BLCH193B","OffshoreCentral","Little Broadhurst","OCLB_BA1S",-18.9493475,147.6929265,25.64,26.16,26.18,26.13,25.75,25.46,25.45,25.82,25.75,25.65,25.97,26.12,25.49,26.63,25.7,25.46,26.16,26.04,26.14,26.1,26.07,25.66,25.77,25.85,26.43,26.62,25.79,25.89,26.24,26.02,26.34,26.94,26.52,26.16,25.83,26.47,26.56,26.82,26.59,26.68
"BLCH194B","BLCH194B","OffshoreCentral","Little Broadhurst","OCLB_BA1S",-18.9493475,147.6929265,25.64,26.16,26.18,26.13,25.75,25.46,25.45,25.82,25.75,25.65,25.97,26.12,25.49,26.63,25.7,25.46,26.16,26.04,26.14,26.1,26.07,25.66,25.77,25.85,26.43,26.62,25.79,25.89,26.24,26.02,26.34,26.94,26.52,26.16,25.83,26.47,26.56,26.82,26.59,26.68
"BLCH195B","BLCH195B","OffshoreCentral","Little Broadhurst","OCLB_BA1S",-18.9493475,147.6929265,25.64,26.16,26.18,26.13,25.75,25.46,25.45,25.82,25.75,25.65,25.97,26.12,25.49,26.63,25.7,25.46,26.16,26.04,26.14,26.1,26.07,25.66,25.77,25.85,26.43,26.62,25.79,25.89,26.24,26.02,26.34,26.94,26.52,26.16,25.83,26.47,26.56,26.82,26.59,26.68
"BLCH196B","BLCH196B","OffshoreCentral","Little Broadhurst","OCLB_BA1S",-18.9493475,147.6929265,25.64,26.16,26.18,26.13,25.75,25.46,25.45,25.82,25.75,25.65,25.97,26.12,25.49,26.63,25.7,25.46,26.16,26.04,26.14,26.1,26.07,25.66,25.77,25.85,26.43,26.62,25.79,25.89,26.24,26.02,26.34,26.94,26.52,26.16,25.83,26.47,26.56,26.82,26.59,26.68
"BLCH197B","BLCH197B","OffshoreCentral","Little Broadhurst","OCLB_BA1S",-18.9493475,147.6929265,25.64,26.16,26.18,26.13,25.75,25.46,25.45,25.82,25.75,25.65,25.97,26.12,25.49,26.63,25.7,25.46,26.16,26.04,26.14,26.1,26.07,25.66,25.77,25.85,26.43,26.62,25.79,25.89,26.24,26.02,26.34,26.94,26.52,26.16,25.83,26.47,26.56,26.82,26.59,26.68
"BLCH20A","BLCH20A","OffshoreCentral","Davies","OCDA_BA1S",-18.8259,147.62727,25.74,26.23,26.25,26.22,25.85,25.57,25.48,25.88,25.8,25.75,26.01,26.22,25.55,26.7,25.8,25.56,26.26,26.09,26.21,26.16,26.11,25.74,25.84,25.94,26.5,26.73,25.9,25.97,26.32,26.09,26.4,27.02,26.58,26.22,25.9,26.55,26.64,26.91,26.65,26.76
"BLCH22A","BLCH22A","OffshoreCentral","Davies","OCDA_FR1S",-18.8192,147.66391,25.74,26.23,26.25,26.22,25.85,25.57,25.48,25.88,25.8,25.75,26.01,26.22,25.55,26.7,25.8,25.56,26.26,26.09,26.21,26.16,26.11,25.74,25.84,25.94,26.5,26.73,25.9,25.97,26.32,26.09,26.4,27.02,26.58,26.22,25.9,26.55,26.64,26.91,26.65,26.76
"BLCH31A","BLCH31A","OffshoreCentral","Davies","OCDA_FR1S",-18.8192,147.66391,25.74,26.23,26.25,26.22,25.85,25.57,25.48,25.88,25.8,25.75,26.01,26.22,25.55,26.7,25.8,25.56,26.26,26.09,26.21,26.16,26.11,25.74,25.84,25.94,26.5,26.73,25.9,25.97,26.32,26.09,26.4,27.02,26.58,26.22,25.9,26.55,26.64,26.91,26.65,26.76
"BLCH32A","BLCH32A","OffshoreCentral","Davies","OCDA_FR1S",-18.8192,147.66391,25.74,26.23,26.25,26.22,25.85,25.57,25.48,25.88,25.8,25.75,26.01,26.22,25.55,26.7,25.8,25.56,26.26,26.09,26.21,26.16,26.11,25.74,25.84,25.94,26.5,26.73,25.9,25.97,26.32,26.09,26.4,27.02,26.58,26.22,25.9,26.55,26.64,26.91,26.65,26.76
"BLCH35A","BLCH35A","OffshoreCentral","Davies","OCDA_FR1D",-18.81966,147.66394,25.74,26.23,26.25,26.22,25.85,25.57,25.48,25.88,25.8,25.75,26.01,26.22,25.55,26.7,25.8,25.56,26.26,26.09,26.21,26.16,26.11,25.74,25.84,25.94,26.5,26.73,25.9,25.97,26.32,26.09,26.4,27.02,26.58,26.22,25.9,26.55,26.64,26.91,26.65,26.76
"BLCH38A","BLCH38A","OffshoreCentral","Davies","OCDA_FR1D",-18.81966,147.66394,25.74,26.23,26.25,26.22,25.85,25.57,25.48,25.88,25.8,25.75,26.01,26.22,25.55,26.7,25.8,25.56,26.26,26.09,26.21,26.16,26.11,25.74,25.84,25.94,26.5,26.73,25.9,25.97,26.32,26.09,26.4,27.02,26.58,26.22,25.9,26.55,26.64,26.91,26.65,26.76
"BLCH41A","BLCH41A","OffshoreCentral","Davies","OCDA_FR1D",-18.81966,147.66394,25.74,26.23,26.25,26.22,25.85,25.57,25.48,25.88,25.8,25.75,26.01,26.22,25.55,26.7,25.8,25.56,26.26,26.09,26.21,26.16,26.11,25.74,25.84,25.94,26.5,26.73,25.9,25.97,26.32,26.09,26.4,27.02,26.58,26.22,25.9,26.55,26.64,26.91,26.65,26.76
"BLCH42A","BLCH42A","OffshoreCentral","Davies","OCDA_FL1D",-18.80592,147.6688,25.74,26.23,26.25,26.22,25.85,25.57,25.48,25.88,25.8,25.75,26.01,26.22,25.55,26.7,25.8,25.56,26.26,26.09,26.21,26.16,26.11,25.74,25.84,25.94,26.5,26.73,25.9,25.97,26.32,26.09,26.4,27.02,26.58,26.22,25.9,26.55,26.64,26.91,26.65,26.76
"BLCH46A","BLCH46A","OffshoreCentral","Davies","OCDA_FL1D",-18.80592,147.6688,25.74,26.23,26.25,26.22,25.85,25.57,25.48,25.88,25.8,25.75,26.01,26.22,25.55,26.7,25.8,25.56,26.26,26.09,26.21,26.16,26.11,25.74,25.84,25.94,26.5,26.73,25.9,25.97,26.32,26.09,26.4,27.02,26.58,26.22,25.9,26.55,26.64,26.91,26.65,26.76
"BLCH49A","BLCH49A","OffshoreCentral","Davies","OCDA_FL1D",-18.80592,147.6688,25.74,26.23,26.25,26.22,25.85,25.57,25.48,25.88,25.8,25.75,26.01,26.22,25.55,26.7,25.8,25.56,26.26,26.09,26.21,26.16,26.11,25.74,25.84,25.94,26.5,26.73,25.9,25.97,26.32,26.09,26.4,27.02,26.58,26.22,25.9,26.55,26.64,26.91,26.65,26.76
"BLCH4A","BLCH4A","OffshoreCentral","Davies","OCDA_BA1D",-18.82579,147.62735,25.74,26.23,26.25,26.22,25.85,25.57,25.48,25.88,25.8,25.75,26.01,26.22,25.55,26.7,25.8,25.56,26.26,26.09,26.21,26.16,26.11,25.74,25.84,25.94,26.5,26.73,25.9,25.97,26.32,26.09,26.4,27.02,26.58,26.22,25.9,26.55,26.64,26.91,26.65,26.76
"BLCH55A","BLCH55A","OffshoreCentral","Davies","OCDA_BA2S",-18.8145,147.6372,25.74,26.23,26.25,26.22,25.85,25.57,25.48,25.88,25.8,25.75,26.01,26.22,25.55,26.7,25.8,25.56,26.26,26.09,26.21,26.16,26.11,25.74,25.84,25.94,26.5,26.73,25.9,25.97,26.32,26.09,26.4,27.02,26.58,26.22,25.9,26.55,26.64,26.91,26.65,26.76
"BLCH56A","BLCH56A","OffshoreCentral","Davies","OCDA_BA2S",-18.8145,147.6372,25.74,26.23,26.25,26.22,25.85,25.57,25.48,25.88,25.8,25.75,26.01,26.22,25.55,26.7,25.8,25.56,26.26,26.09,26.21,26.16,26.11,25.74,25.84,25.94,26.5,26.73,25.9,25.97,26.32,26.09,26.4,27.02,26.58,26.22,25.9,26.55,26.64,26.91,26.65,26.76
"BLCH63A","BLCH63A","OffshoreCentral","Davies","OCDA_FR2S",-18.83187,147.6525,25.74,26.23,26.25,26.22,25.85,25.57,25.48,25.88,25.8,25.75,26.01,26.22,25.55,26.7,25.8,25.56,26.26,26.09,26.21,26.16,26.11,25.74,25.84,25.94,26.5,26.73,25.9,25.97,26.32,26.09,26.4,27.02,26.58,26.22,25.9,26.55,26.64,26.91,26.65,26.76
"BLCH78A","BLCH78A","OffshoreCentral","Davies","OCDA_FR2S",-18.83187,147.6525,25.74,26.23,26.25,26.22,25.85,25.57,25.48,25.88,25.8,25.75,26.01,26.22,25.55,26.7,25.8,25.56,26.26,26.09,26.21,26.16,26.11,25.74,25.84,25.94,26.5,26.73,25.9,25.97,26.32,26.09,26.4,27.02,26.58,26.22,25.9,26.55,26.64,26.91,26.65,26.76
"BLCH85A","BLCH85A","OffshoreCentral","Davies","OCDA_BA2S",-18.8145,147.6372,25.74,26.23,26.25,26.22,25.85,25.57,25.48,25.88,25.8,25.75,26.01,26.22,25.55,26.7,25.8,25.56,26.26,26.09,26.21,26.16,26.11,25.74,25.84,25.94,26.5,26.73,25.9,25.97,26.32,26.09,26.4,27.02,26.58,26.22,25.9,26.55,26.64,26.91,26.65,26.76
"BLCH86A","BLCH86A","OffshoreCentral","Davies","OCDA_BA2S",-18.8145,147.6372,25.74,26.23,26.25,26.22,25.85,25.57,25.48,25.88,25.8,25.75,26.01,26.22,25.55,26.7,25.8,25.56,26.26,26.09,26.21,26.16,26.11,25.74,25.84,25.94,26.5,26.73,25.9,25.97,26.32,26.09,26.4,27.02,26.58,26.22,25.9,26.55,26.64,26.91,26.65,26.76
"BLCH87A","BLCH87A","OffshoreCentral","Davies","OCDA_BA2S",-18.8145,147.6372,25.74,26.23,26.25,26.22,25.85,25.57,25.48,25.88,25.8,25.75,26.01,26.22,25.55,26.7,25.8,25.56,26.26,26.09,26.21,26.16,26.11,25.74,25.84,25.94,26.5,26.73,25.9,25.97,26.32,26.09,26.4,27.02,26.58,26.22,25.9,26.55,26.64,26.91,26.65,26.76
"BLCH91A","BLCH91A","OffshoreCentral","Davies","OCDA_BA2S",-18.8145,147.6372,25.74,26.23,26.25,26.22,25.85,25.57,25.48,25.88,25.8,25.75,26.01,26.22,25.55,26.7,25.8,25.56,26.26,26.09,26.21,26.16,26.11,25.74,25.84,25.94,26.5,26.73,25.9,25.97,26.32,26.09,26.4,27.02,26.58,26.22,25.9,26.55,26.64,26.91,26.65,26.76
"BLCH93A","BLCH93A","OffshoreCentral","Davies","OCDA_BA2S",-18.8145,147.6372,25.74,26.23,26.25,26.22,25.85,25.57,25.48,25.88,25.8,25.75,26.01,26.22,25.55,26.7,25.8,25.56,26.26,26.09,26.21,26.16,26.11,25.74,25.84,25.94,26.5,26.73,25.9,25.97,26.32,26.09,26.4,27.02,26.58,26.22,25.9,26.55,26.64,26.91,26.65,26.76
"BLCH99A","BLCH99A","OffshoreCentral","Davies","OCDA_BA2S",-18.8145,147.6372,25.74,26.23,26.25,26.22,25.85,25.57,25.48,25.88,25.8,25.75,26.01,26.22,25.55,26.7,25.8,25.56,26.26,26.09,26.21,26.16,26.11,25.74,25.84,25.94,26.5,26.73,25.9,25.97,26.32,26.09,26.4,27.02,26.58,26.22,25.9,26.55,26.64,26.91,26.65,26.76
"BLCH9A","BLCH9A","OffshoreCentral","Davies","OCDA_BA1S",-18.8259,147.62727,25.74,26.23,26.25,26.22,25.85,25.57,25.48,25.88,25.8,25.75,26.01,26.22,25.55,26.7,25.8,25.56,26.26,26.09,26.21,26.16,26.11,25.74,25.84,25.94,26.5,26.73,25.9,25.97,26.32,26.09,26.4,27.02,26.58,26.22,25.9,26.55,26.64,26.91,26.65,26.76
"Spis_CBHE_1279","Spis-CBHE-1279","Heron","Heron","CBHE_FR2D",-23.4708,151.9511,23.97,24.31,24.41,24.31,23.88,23.73,24.11,24.26,24.18,23.97,24.1,24.24,24.02,24.84,24.06,23.58,24.34,24.48,24.35,24.46,24.56,24.4,24.16,24.1,24.51,24.9,24.14,24.27,24.56,24.49,24.82,24.85,25,24.54,24.47,24.81,24.66,24.46,24.83,25.25
"Spis_CBHE_1281","Spis-CBHE-1281","Heron","Heron","CBHE_FR2D",-23.4708,151.9511,23.97,24.31,24.41,24.31,23.88,23.73,24.11,24.26,24.18,23.97,24.1,24.24,24.02,24.84,24.06,23.58,24.34,24.48,24.35,24.46,24.56,24.4,24.16,24.1,24.51,24.9,24.14,24.27,24.56,24.49,24.82,24.85,25,24.54,24.47,24.81,24.66,24.46,24.83,25.25
"Spis_CBHE_1282","Spis-CBHE-1282","Heron","Heron","CBHE_FR2D",-23.4708,151.9511,23.97,24.31,24.41,24.31,23.88,23.73,24.11,24.26,24.18,23.97,24.1,24.24,24.02,24.84,24.06,23.58,24.34,24.48,24.35,24.46,24.56,24.4,24.16,24.1,24.51,24.9,24.14,24.27,24.56,24.49,24.82,24.85,25,24.54,24.47,24.81,24.66,24.46,24.83,25.25
"Spis_CBHE_1284","Spis-CBHE-1284","Heron","Heron","CBHE_FR2D",-23.4708,151.9511,23.97,24.31,24.41,24.31,23.88,23.73,24.11,24.26,24.18,23.97,24.1,24.24,24.02,24.84,24.06,23.58,24.34,24.48,24.35,24.46,24.56,24.4,24.16,24.1,24.51,24.9,24.14,24.27,24.56,24.49,24.82,24.85,25,24.54,24.47,24.81,24.66,24.46,24.83,25.25
"Spis_CBHE_1287","Spis-CBHE-1287","Heron","Heron","CBHE_FR2D",-23.4708,151.9511,23.97,24.31,24.41,24.31,23.88,23.73,24.11,24.26,24.18,23.97,24.1,24.24,24.02,24.84,24.06,23.58,24.34,24.48,24.35,24.46,24.56,24.4,24.16,24.1,24.51,24.9,24.14,24.27,24.56,24.49,24.82,24.85,25,24.54,24.47,24.81,24.66,24.46,24.83,25.25
"Spis_CBHE_1289","Spis-CBHE-1289","Heron","Heron","CBHE_FR2S",-23.4704,151.9507,23.97,24.31,24.41,24.31,23.88,23.73,24.11,24.26,24.18,23.97,24.1,24.24,24.02,24.84,24.06,23.58,24.34,24.48,24.35,24.46,24.56,24.4,24.16,24.1,24.51,24.9,24.14,24.27,24.56,24.49,24.82,24.85,25,24.54,24.47,24.81,24.66,24.46,24.83,25.25
"Spis_CBHE_1324","Spis-CBHE-1324","Heron","Heron","CBHE_FR1S",-23.472,151.9777,23.94,24.27,24.4,24.28,23.85,23.7,24.07,24.22,24.15,23.94,24.07,24.2,23.98,24.8,24.01,23.55,24.31,24.44,24.3,24.43,24.53,24.37,24.12,24.05,24.48,24.85,24.11,24.22,24.52,24.46,24.79,24.81,24.97,24.52,24.44,24.77,24.62,24.42,24.79,25.2
"Spis_CBHE_1334","Spis-CBHE-1334","Heron","Heron","CBHE_FL1S",-23.4562,151.9257,23.97,24.31,24.41,24.31,23.88,23.73,24.11,24.26,24.18,23.97,24.1,24.24,24.02,24.84,24.06,23.58,24.34,24.48,24.35,24.46,24.56,24.4,24.16,24.1,24.51,24.9,24.14,24.27,24.56,24.49,24.82,24.85,25,24.54,24.47,24.81,24.66,24.46,24.83,25.25
"Spis_CBHE_1335","Spis-CBHE-1335","Heron","Heron","CBHE_FL1S",-23.4562,151.9257,23.97,24.31,24.41,24.31,23.88,23.73,24.11,24.26,24.18,23.97,24.1,24.24,24.02,24.84,24.06,23.58,24.34,24.48,24.35,24.46,24.56,24.4,24.16,24.1,24.51,24.9,24.14,24.27,24.56,24.49,24.82,24.85,25,24.54,24.47,24.81,24.66,24.46,24.83,25.25
"Spis_CBHE_1346","Spis-CBHE-1346","Heron","Heron","CBHE_FL1S",-23.4562,151.9257,23.97,24.31,24.41,24.31,23.88,23.73,24.11,24.26,24.18,23.97,24.1,24.24,24.02,24.84,24.06,23.58,24.34,24.48,24.35,24.46,24.56,24.4,24.16,24.1,24.51,24.9,24.14,24.27,24.56,24.49,24.82,24.85,25,24.54,24.47,24.81,24.66,24.46,24.83,25.25
"Spis_CBHE_1382","Spis-CBHE-1382","Heron","Heron","CBHE_BA1S",-23.4284,151.9524,23.97,24.31,24.41,24.31,23.88,23.73,24.11,24.26,24.18,23.97,24.1,24.24,24.02,24.84,24.06,23.58,24.34,24.48,24.35,24.46,24.56,24.4,24.16,24.1,24.51,24.9,24.14,24.27,24.56,24.49,24.82,24.85,25,24.54,24.47,24.81,24.66,24.46,24.83,25.25
"Spis_CBHE_1396","Spis-CBHE-1396","Heron","Heron","CBHE_BA2D",-23.4341,151.9203,23.97,24.31,24.41,24.31,23.88,23.73,24.11,24.26,24.18,23.97,24.1,24.24,24.02,24.84,24.06,23.58,24.34,24.48,24.35,24.46,24.56,24.4,24.16,24.1,24.51,24.9,24.14,24.27,24.56,24.49,24.82,24.85,25,24.54,24.47,24.81,24.66,24.46,24.83,25.25
"Spis_CBHE_1398","Spis-CBHE-1398","Heron","Heron","CBHE_BA2D",-23.4341,151.9203,23.97,24.31,24.41,24.31,23.88,23.73,24.11,24.26,24.18,23.97,24.1,24.24,24.02,24.84,24.06,23.58,24.34,24.48,24.35,24.46,24.56,24.4,24.16,24.1,24.51,24.9,24.14,24.27,24.56,24.49,24.82,24.85,25,24.54,24.47,24.81,24.66,24.46,24.83,25.25
"Spis_CBHE_1400","Spis-CBHE-1400","Heron","Heron","CBHE_BA2D",-23.4341,151.9203,23.97,24.31,24.41,24.31,23.88,23.73,24.11,24.26,24.18,23.97,24.1,24.24,24.02,24.84,24.06,23.58,24.34,24.48,24.35,24.46,24.56,24.4,24.16,24.1,24.51,24.9,24.14,24.27,24.56,24.49,24.82,24.85,25,24.54,24.47,24.81,24.66,24.46,24.83,25.25
"Spis_CBHE_1408","Spis-CBHE-1408","Heron","Heron","CBHE_BA2D",-23.4341,151.9203,23.97,24.31,24.41,24.31,23.88,23.73,24.11,24.26,24.18,23.97,24.1,24.24,24.02,24.84,24.06,23.58,24.34,24.48,24.35,24.46,24.56,24.4,24.16,24.1,24.51,24.9,24.14,24.27,24.56,24.49,24.82,24.85,25,24.54,24.47,24.81,24.66,24.46,24.83,25.25
"Spis_CBHE_1412","Spis-CBHE-1412","Heron","Heron","CBHE_BA2S",-23.434,151.9209,23.97,24.31,24.41,24.31,23.88,23.73,24.11,24.26,24.18,23.97,24.1,24.24,24.02,24.84,24.06,23.58,24.34,24.48,24.35,24.46,24.56,24.4,24.16,24.1,24.51,24.9,24.14,24.27,24.56,24.49,24.82,24.85,25,24.54,24.47,24.81,24.66,24.46,24.83,25.25
"Spis_CBHE_1418","Spis-CBHE-1418","Heron","Heron","CBHE_BA2S",-23.434,151.9209,23.97,24.31,24.41,24.31,23.88,23.73,24.11,24.26,24.18,23.97,24.1,24.24,24.02,24.84,24.06,23.58,24.34,24.48,24.35,24.46,24.56,24.4,24.16,24.1,24.51,24.9,24.14,24.27,24.56,24.49,24.82,24.85,25,24.54,24.47,24.81,24.66,24.46,24.83,25.25
"Spis_CBHE_1423","Spis-CBHE-1423","Heron","Heron","CBHE_BA2S",-23.434,151.9209,23.97,24.31,24.41,24.31,23.88,23.73,24.11,24.26,24.18,23.97,24.1,24.24,24.02,24.84,24.06,23.58,24.34,24.48,24.35,24.46,24.56,24.4,24.16,24.1,24.51,24.9,24.14,24.27,24.56,24.49,24.82,24.85,25,24.54,24.47,24.81,24.66,24.46,24.83,25.25
"Spis_CBHE_213","Spis-CBHE-213","Heron","Heron","CBHE_FL1S",-23.4561755,151.925688,23.97,24.31,24.41,24.31,23.88,23.73,24.11,24.26,24.18,23.97,24.1,24.24,24.02,24.84,24.06,23.58,24.34,24.48,24.35,24.46,24.56,24.4,24.16,24.1,24.51,24.9,24.14,24.27,24.56,24.49,24.82,24.85,25,24.54,24.47,24.81,24.66,24.46,24.83,25.25
"Spis_CBHE_221","Spis-CBHE-221","Heron","Heron","CBHE_FL1S",-23.4561755,151.925688,23.97,24.31,24.41,24.31,23.88,23.73,24.11,24.26,24.18,23.97,24.1,24.24,24.02,24.84,24.06,23.58,24.34,24.48,24.35,24.46,24.56,24.4,24.16,24.1,24.51,24.9,24.14,24.27,24.56,24.49,24.82,24.85,25,24.54,24.47,24.81,24.66,24.46,24.83,25.25
"Spis_CBHE_256","Spis-CBHE-256","Heron","Heron","CBHE_BA1D",-23.428043,151.952453,23.97,24.31,24.41,24.31,23.88,23.73,24.11,24.26,24.18,23.97,24.1,24.24,24.02,24.84,24.06,23.58,24.34,24.48,24.35,24.46,24.56,24.4,24.16,24.1,24.51,24.9,24.14,24.27,24.56,24.49,24.82,24.85,25,24.54,24.47,24.81,24.66,24.46,24.83,25.25
"Spis_CBHE_259","Spis-CBHE-259","Heron","Heron","CBHE_BA1S",-23.4284405,151.952418,23.97,24.31,24.41,24.31,23.88,23.73,24.11,24.26,24.18,23.97,24.1,24.24,24.02,24.84,24.06,23.58,24.34,24.48,24.35,24.46,24.56,24.4,24.16,24.1,24.51,24.9,24.14,24.27,24.56,24.49,24.82,24.85,25,24.54,24.47,24.81,24.66,24.46,24.83,25.25
"Spis_CBLM_1239","Spis-CBLM-1239","LadyMusgrave","LadyMusgrave","CBLM_LA1S",-23.896147,152.413821,24.13,24.23,24.38,24.39,24,23.85,24.12,24.23,24.22,24.03,24.07,24.24,24.13,24.87,24.15,23.66,24.36,24.52,24.4,24.52,24.64,24.43,24.25,24.13,24.56,24.96,24.25,24.34,24.63,24.64,24.91,24.82,25.07,24.63,24.54,24.86,24.64,24.52,24.91,25.33
"Spis_CBLM_1259","Spis-CBLM-1259","LadyMusgrave","LadyMusgrave","CBLM_FL2S",-23.917571,152.391971,24.13,24.23,24.38,24.39,24,23.85,24.12,24.23,24.22,24.03,24.07,24.24,24.13,24.87,24.15,23.66,24.36,24.52,24.4,24.52,24.64,24.43,24.25,24.13,24.56,24.96,24.25,24.34,24.63,24.64,24.91,24.82,25.07,24.63,24.54,24.86,24.64,24.52,24.91,25.33
"Spis_CBLM_1261","Spis-CBLM-1261","LadyMusgrave","LadyMusgrave","CBLM_FL2S",-23.917571,152.391971,24.13,24.23,24.38,24.39,24,23.85,24.12,24.23,24.22,24.03,24.07,24.24,24.13,24.87,24.15,23.66,24.36,24.52,24.4,24.52,24.64,24.43,24.25,24.13,24.56,24.96,24.25,24.34,24.63,24.64,24.91,24.82,25.07,24.63,24.54,24.86,24.64,24.52,24.91,25.33
"Spis_CBLM_1262","Spis-CBLM-1262","LadyMusgrave","LadyMusgrave","CBLM_FL2S",-23.917571,152.391971,24.13,24.23,24.38,24.39,24,23.85,24.12,24.23,24.22,24.03,24.07,24.24,24.13,24.87,24.15,23.66,24.36,24.52,24.4,24.52,24.64,24.43,24.25,24.13,24.56,24.96,24.25,24.34,24.63,24.64,24.91,24.82,25.07,24.63,24.54,24.86,24.64,24.52,24.91,25.33
"Spis_CBLM_1264","Spis-CBLM-1264","LadyMusgrave","LadyMusgrave","CBLM_FL2S",-23.917571,152.391971,24.13,24.23,24.38,24.39,24,23.85,24.12,24.23,24.22,24.03,24.07,24.24,24.13,24.87,24.15,23.66,24.36,24.52,24.4,24.52,24.64,24.43,24.25,24.13,24.56,24.96,24.25,24.34,24.63,24.64,24.91,24.82,25.07,24.63,24.54,24.86,24.64,24.52,24.91,25.33
"Spis_CBLM_1271","Spis-CBLM-1271","LadyMusgrave","LadyMusgrave","CBLM_FL2S",-23.917571,152.391971,24.13,24.23,24.38,24.39,24,23.85,24.12,24.23,24.22,24.03,24.07,24.24,24.13,24.87,24.15,23.66,24.36,24.52,24.4,24.52,24.64,24.43,24.25,24.13,24.56,24.96,24.25,24.34,24.63,24.64,24.91,24.82,25.07,24.63,24.54,24.86,24.64,24.52,24.91,25.33
"Spis_CBLM_1274","Spis-CBLM-1274","LadyMusgrave","LadyMusgrave","CBLM_FL2S",-23.917571,152.391971,24.13,24.23,24.38,24.39,24,23.85,24.12,24.23,24.22,24.03,24.07,24.24,24.13,24.87,24.15,23.66,24.36,24.52,24.4,24.52,24.64,24.43,24.25,24.13,24.56,24.96,24.25,24.34,24.63,24.64,24.91,24.82,25.07,24.63,24.54,24.86,24.64,24.52,24.91,25.33
"Spis_CBLM_1275","Spis-CBLM-1275","LadyMusgrave","LadyMusgrave","CBLM_FL2S",-23.917571,152.391971,24.13,24.23,24.38,24.39,24,23.85,24.12,24.23,24.22,24.03,24.07,24.24,24.13,24.87,24.15,23.66,24.36,24.52,24.4,24.52,24.64,24.43,24.25,24.13,24.56,24.96,24.25,24.34,24.63,24.64,24.91,24.82,25.07,24.63,24.54,24.86,24.64,24.52,24.91,25.33
"Spis_LIZA_488","Spis-LIZA-488","Lizard","Lizard","ONLI_BA2S",-14.667794,145.441894,26.16,26.56,26.41,26.78,26.54,26.14,25.62,26.13,26.04,26.01,26.35,26.77,25.87,27.08,26.19,26.16,26.56,26.4,26.58,26.43,26.5,26.25,26.42,26.43,26.82,27.28,26.34,26.41,26.73,26.4,26.61,27.53,26.99,26.71,26.31,27,27.27,27.58,27.05,27.2
"Spis_LIZA_489","Spis-LIZA-489","Lizard","Lizard","ONLI_LA1S",-14.6877065,145.465276,26.21,26.58,26.44,26.81,26.56,26.19,25.64,26.16,26.06,26.05,26.38,26.79,25.89,27.1,26.23,26.2,26.6,26.44,26.61,26.47,26.54,26.31,26.46,26.48,26.87,27.34,26.41,26.47,26.77,26.46,26.64,27.56,27.02,26.74,26.36,27.05,27.31,27.64,27.12,27.25
"Spis_MOOR_383","Spis-MOOR-383","Moore","Moore","ONMO_LA1S",-16.859841,146.2256785,26.05,26.55,26.52,26.63,26.32,25.98,25.61,26.24,26.09,26.02,26.42,26.64,25.77,27.06,26.11,26.01,26.54,26.41,26.52,26.39,26.46,26.14,26.36,26.44,26.83,27.17,26.31,26.34,26.73,26.43,26.67,27.46,27.02,26.63,26.32,27.04,27.11,27.47,27.1,27.25
"Spis_MOOR_394","Spis-MOOR-394","Moore","Moore","ONMO_LA1D",-16.8599245,146.2257455,26.05,26.55,26.52,26.63,26.32,25.98,25.61,26.24,26.09,26.02,26.42,26.64,25.77,27.06,26.11,26.01,26.54,26.41,26.52,26.39,26.46,26.14,26.36,26.44,26.83,27.17,26.31,26.34,26.73,26.43,26.67,27.46,27.02,26.63,26.32,27.04,27.11,27.47,27.1,27.25
"Spis_OCCH_628","Spis-OCCH-628","OffshoreCentral","Chicken","OCCH_BA2S",-18.660365,147.702675,25.9,26.31,26.33,26.39,26,25.77,25.56,26.01,25.91,25.92,26.12,26.37,25.63,26.86,25.93,25.71,26.39,26.25,26.35,26.32,26.27,25.89,26.03,26.16,26.65,26.96,26.16,26.18,26.53,26.26,26.53,27.2,26.72,26.38,26.08,26.76,26.83,27.13,26.82,26.96
"Spis_OCCH_629","Spis-OCCH-629","OffshoreCentral","Chicken","OCCH_BA2S",-18.660365,147.702675,25.9,26.31,26.33,26.39,26,25.77,25.56,26.01,25.91,25.92,26.12,26.37,25.63,26.86,25.93,25.71,26.39,26.25,26.35,26.32,26.27,25.89,26.03,26.16,26.65,26.96,26.16,26.18,26.53,26.26,26.53,27.2,26.72,26.38,26.08,26.76,26.83,27.13,26.82,26.96
"Spis_OCCH_634","Spis-OCCH-634","OffshoreCentral","Chicken","OCCH_BA2S",-18.660365,147.702675,25.9,26.31,26.33,26.39,26,25.77,25.56,26.01,25.91,25.92,26.12,26.37,25.63,26.86,25.93,25.71,26.39,26.25,26.35,26.32,26.27,25.89,26.03,26.16,26.65,26.96,26.16,26.18,26.53,26.26,26.53,27.2,26.72,26.38,26.08,26.76,26.83,27.13,26.82,26.96
"Spis_OCCH_655","Spis-OCCH-655","OffshoreCentral","Chicken","OCCH_BA1S",-18.6532055,147.708533,25.9,26.31,26.33,26.39,26,25.77,25.56,26.01,25.91,25.92,26.12,26.37,25.63,26.86,25.93,25.71,26.39,26.25,26.35,26.32,26.27,25.89,26.03,26.16,26.65,26.96,26.16,26.18,26.53,26.26,26.53,27.2,26.72,26.38,26.08,26.76,26.83,27.13,26.82,26.96
"Spis_OCCH_659","Spis-OCCH-659","OffshoreCentral","Chicken","OCCH_BA1S",-18.6532055,147.708533,25.9,26.31,26.33,26.39,26,25.77,25.56,26.01,25.91,25.92,26.12,26.37,25.63,26.86,25.93,25.71,26.39,26.25,26.35,26.32,26.27,25.89,26.03,26.16,26.65,26.96,26.16,26.18,26.53,26.26,26.53,27.2,26.72,26.38,26.08,26.76,26.83,27.13,26.82,26.96
"Spis_OCCH_668","Spis-OCCH-668","OffshoreCentral","Chicken","OCCH_BA1S",-18.6532055,147.708533,25.9,26.31,26.33,26.39,26,25.77,25.56,26.01,25.91,25.92,26.12,26.37,25.63,26.86,25.93,25.71,26.39,26.25,26.35,26.32,26.27,25.89,26.03,26.16,26.65,26.96,26.16,26.18,26.53,26.26,26.53,27.2,26.72,26.38,26.08,26.76,26.83,27.13,26.82,26.96
"Spis_OCDA_570","Spis-OCDA-570","OffshoreCentral","Davies","OCDA_FR2D",-18.83191,147.65257,25.74,26.23,26.25,26.22,25.85,25.57,25.48,25.88,25.8,25.75,26.01,26.22,25.55,26.7,25.8,25.56,26.26,26.09,26.21,26.16,26.11,25.74,25.84,25.94,26.5,26.73,25.9,25.97,26.32,26.09,26.4,27.02,26.58,26.22,25.9,26.55,26.64,26.91,26.65,26.76
"Spis_OCDA_573","Spis-OCDA-573","OffshoreCentral","Davies","OCDA_FR2D",-18.83191,147.65257,25.74,26.23,26.25,26.22,25.85,25.57,25.48,25.88,25.8,25.75,26.01,26.22,25.55,26.7,25.8,25.56,26.26,26.09,26.21,26.16,26.11,25.74,25.84,25.94,26.5,26.73,25.9,25.97,26.32,26.09,26.4,27.02,26.58,26.22,25.9,26.55,26.64,26.91,26.65,26.76
"Spis_OCDA_576","Spis-OCDA-576","OffshoreCentral","Davies","OCDA_FR2D",-18.83191,147.65257,25.74,26.23,26.25,26.22,25.85,25.57,25.48,25.88,25.8,25.75,26.01,26.22,25.55,26.7,25.8,25.56,26.26,26.09,26.21,26.16,26.11,25.74,25.84,25.94,26.5,26.73,25.9,25.97,26.32,26.09,26.4,27.02,26.58,26.22,25.9,26.55,26.64,26.91,26.65,26.76
"Spis_OCDA_577","Spis-OCDA-577","OffshoreCentral","Davies","OCDA_FR2D",-18.83191,147.65257,25.74,26.23,26.25,26.22,25.85,25.57,25.48,25.88,25.8,25.75,26.01,26.22,25.55,26.7,25.8,25.56,26.26,26.09,26.21,26.16,26.11,25.74,25.84,25.94,26.5,26.73,25.9,25.97,26.32,26.09,26.4,27.02,26.58,26.22,25.9,26.55,26.64,26.91,26.65,26.76
"Spis_OCDA_579","Spis-OCDA-579","OffshoreCentral","Davies","OCDA_FR2D",-18.83191,147.65257,25.74,26.23,26.25,26.22,25.85,25.57,25.48,25.88,25.8,25.75,26.01,26.22,25.55,26.7,25.8,25.56,26.26,26.09,26.21,26.16,26.11,25.74,25.84,25.94,26.5,26.73,25.9,25.97,26.32,26.09,26.4,27.02,26.58,26.22,25.9,26.55,26.64,26.91,26.65,26.76
"Spis_OCDA_581","Spis-OCDA-581","OffshoreCentral","Davies","OCDA_FR2D",-18.83191,147.65257,25.74,26.23,26.25,26.22,25.85,25.57,25.48,25.88,25.8,25.75,26.01,26.22,25.55,26.7,25.8,25.56,26.26,26.09,26.21,26.16,26.11,25.74,25.84,25.94,26.5,26.73,25.9,25.97,26.32,26.09,26.4,27.02,26.58,26.22,25.9,26.55,26.64,26.91,26.65,26.76
"Spis_OCDA_582","Spis-OCDA-582","OffshoreCentral","Davies","OCDA_FR2D",-18.83191,147.65257,25.74,26.23,26.25,26.22,25.85,25.57,25.48,25.88,25.8,25.75,26.01,26.22,25.55,26.7,25.8,25.56,26.26,26.09,26.21,26.16,26.11,25.74,25.84,25.94,26.5,26.73,25.9,25.97,26.32,26.09,26.4,27.02,26.58,26.22,25.9,26.55,26.64,26.91,26.65,26.76
"Spis_OCDA_588","Spis-OCDA-588","OffshoreCentral","Davies","OCDA_FR2S",-18.83187,147.6525,25.74,26.23,26.25,26.22,25.85,25.57,25.48,25.88,25.8,25.75,26.01,26.22,25.55,26.7,25.8,25.56,26.26,26.09,26.21,26.16,26.11,25.74,25.84,25.94,26.5,26.73,25.9,25.97,26.32,26.09,26.4,27.02,26.58,26.22,25.9,26.55,26.64,26.91,26.65,26.76
"Spis_OCDA_589","Spis-OCDA-589","OffshoreCentral","Davies","OCDA_FR2S",-18.83187,147.6525,25.74,26.23,26.25,26.22,25.85,25.57,25.48,25.88,25.8,25.75,26.01,26.22,25.55,26.7,25.8,25.56,26.26,26.09,26.21,26.16,26.11,25.74,25.84,25.94,26.5,26.73,25.9,25.97,26.32,26.09,26.4,27.02,26.58,26.22,25.9,26.55,26.64,26.91,26.65,26.76
"Spis_OCDA_593","Spis-OCDA-593","OffshoreCentral","Davies","OCDA_FR2S",-18.83187,147.6525,25.74,26.23,26.25,26.22,25.85,25.57,25.48,25.88,25.8,25.75,26.01,26.22,25.55,26.7,25.8,25.56,26.26,26.09,26.21,26.16,26.11,25.74,25.84,25.94,26.5,26.73,25.9,25.97,26.32,26.09,26.4,27.02,26.58,26.22,25.9,26.55,26.64,26.91,26.65,26.76
"Spis_OCDA_594","Spis-OCDA-594","OffshoreCentral","Davies","OCDA_FR2S",-18.83187,147.6525,25.74,26.23,26.25,26.22,25.85,25.57,25.48,25.88,25.8,25.75,26.01,26.22,25.55,26.7,25.8,25.56,26.26,26.09,26.21,26.16,26.11,25.74,25.84,25.94,26.5,26.73,25.9,25.97,26.32,26.09,26.4,27.02,26.58,26.22,25.9,26.55,26.64,26.91,26.65,26.76
"Spis_OCDA_595","Spis-OCDA-595","OffshoreCentral","Davies","OCDA_FR2S",-18.83187,147.6525,25.74,26.23,26.25,26.22,25.85,25.57,25.48,25.88,25.8,25.75,26.01,26.22,25.55,26.7,25.8,25.56,26.26,26.09,26.21,26.16,26.11,25.74,25.84,25.94,26.5,26.73,25.9,25.97,26.32,26.09,26.4,27.02,26.58,26.22,25.9,26.55,26.64,26.91,26.65,26.76
"Spis_OCDA_600","Spis-OCDA-600","OffshoreCentral","Davies","OCDA_FR1D",-18.81966,147.66394,25.74,26.23,26.25,26.22,25.85,25.57,25.48,25.88,25.8,25.75,26.01,26.22,25.55,26.7,25.8,25.56,26.26,26.09,26.21,26.16,26.11,25.74,25.84,25.94,26.5,26.73,25.9,25.97,26.32,26.09,26.4,27.02,26.58,26.22,25.9,26.55,26.64,26.91,26.65,26.76
"Spis_OCDA_601","Spis-OCDA-601","OffshoreCentral","Davies","OCDA_FR1D",-18.81966,147.66394,25.74,26.23,26.25,26.22,25.85,25.57,25.48,25.88,25.8,25.75,26.01,26.22,25.55,26.7,25.8,25.56,26.26,26.09,26.21,26.16,26.11,25.74,25.84,25.94,26.5,26.73,25.9,25.97,26.32,26.09,26.4,27.02,26.58,26.22,25.9,26.55,26.64,26.91,26.65,26.76
"Spis_OCDA_602","Spis-OCDA-602","OffshoreCentral","Davies","OCDA_FR1D",-18.81966,147.66394,25.74,26.23,26.25,26.22,25.85,25.57,25.48,25.88,25.8,25.75,26.01,26.22,25.55,26.7,25.8,25.56,26.26,26.09,26.21,26.16,26.11,25.74,25.84,25.94,26.5,26.73,25.9,25.97,26.32,26.09,26.4,27.02,26.58,26.22,25.9,26.55,26.64,26.91,26.65,26.76
"Spis_OCDA_603","Spis-OCDA-603","OffshoreCentral","Davies","OCDA_FR1D",-18.81966,147.66394,25.74,26.23,26.25,26.22,25.85,25.57,25.48,25.88,25.8,25.75,26.01,26.22,25.55,26.7,25.8,25.56,26.26,26.09,26.21,26.16,26.11,25.74,25.84,25.94,26.5,26.73,25.9,25.97,26.32,26.09,26.4,27.02,26.58,26.22,25.9,26.55,26.64,26.91,26.65,26.76
"Spis_OCDA_613","Spis-OCDA-613","OffshoreCentral","Davies","OCDA_FR1S",-18.8192,147.66391,25.74,26.23,26.25,26.22,25.85,25.57,25.48,25.88,25.8,25.75,26.01,26.22,25.55,26.7,25.8,25.56,26.26,26.09,26.21,26.16,26.11,25.74,25.84,25.94,26.5,26.73,25.9,25.97,26.32,26.09,26.4,27.02,26.58,26.22,25.9,26.55,26.64,26.91,26.65,26.76
"Spis_OCDA_670","Spis-OCDA-670","OffshoreCentral","Davies","OCDA_FL1D",-18.80592,147.6688,25.74,26.23,26.25,26.22,25.85,25.57,25.48,25.88,25.8,25.75,26.01,26.22,25.55,26.7,25.8,25.56,26.26,26.09,26.21,26.16,26.11,25.74,25.84,25.94,26.5,26.73,25.9,25.97,26.32,26.09,26.4,27.02,26.58,26.22,25.9,26.55,26.64,26.91,26.65,26.76
"Spis_OCDA_672","Spis-OCDA-672","OffshoreCentral","Davies","OCDA_FL1D",-18.80592,147.6688,25.74,26.23,26.25,26.22,25.85,25.57,25.48,25.88,25.8,25.75,26.01,26.22,25.55,26.7,25.8,25.56,26.26,26.09,26.21,26.16,26.11,25.74,25.84,25.94,26.5,26.73,25.9,25.97,26.32,26.09,26.4,27.02,26.58,26.22,25.9,26.55,26.64,26.91,26.65,26.76
"Spis_OCDA_675","Spis-OCDA-675","OffshoreCentral","Davies","OCDA_FL1D",-18.80592,147.6688,25.74,26.23,26.25,26.22,25.85,25.57,25.48,25.88,25.8,25.75,26.01,26.22,25.55,26.7,25.8,25.56,26.26,26.09,26.21,26.16,26.11,25.74,25.84,25.94,26.5,26.73,25.9,25.97,26.32,26.09,26.4,27.02,26.58,26.22,25.9,26.55,26.64,26.91,26.65,26.76
"Spis_OCDA_677","Spis-OCDA-677","OffshoreCentral","Davies","OCDA_FL1D",-18.80592,147.6688,25.74,26.23,26.25,26.22,25.85,25.57,25.48,25.88,25.8,25.75,26.01,26.22,25.55,26.7,25.8,25.56,26.26,26.09,26.21,26.16,26.11,25.74,25.84,25.94,26.5,26.73,25.9,25.97,26.32,26.09,26.4,27.02,26.58,26.22,25.9,26.55,26.64,26.91,26.65,26.76
"Spis_OCDA_679","Spis-OCDA-679","OffshoreCentral","Davies","OCDA_FL1D",-18.80592,147.6688,25.74,26.23,26.25,26.22,25.85,25.57,25.48,25.88,25.8,25.75,26.01,26.22,25.55,26.7,25.8,25.56,26.26,26.09,26.21,26.16,26.11,25.74,25.84,25.94,26.5,26.73,25.9,25.97,26.32,26.09,26.4,27.02,26.58,26.22,25.9,26.55,26.64,26.91,26.65,26.76
"Spis_OCDA_683","Spis-OCDA-683","OffshoreCentral","Davies","OCDA_FL1S",-18.80575,147.6686,25.74,26.23,26.25,26.22,25.85,25.57,25.48,25.88,25.8,25.75,26.01,26.22,25.55,26.7,25.8,25.56,26.26,26.09,26.21,26.16,26.11,25.74,25.84,25.94,26.5,26.73,25.9,25.97,26.32,26.09,26.4,27.02,26.58,26.22,25.9,26.55,26.64,26.91,26.65,26.76
"Spis_OCDA_691","Spis-OCDA-691","OffshoreCentral","Davies","OCDA_FL1S",-18.80575,147.6686,25.74,26.23,26.25,26.22,25.85,25.57,25.48,25.88,25.8,25.75,26.01,26.22,25.55,26.7,25.8,25.56,26.26,26.09,26.21,26.16,26.11,25.74,25.84,25.94,26.5,26.73,25.9,25.97,26.32,26.09,26.4,27.02,26.58,26.22,25.9,26.55,26.64,26.91,26.65,26.76
"Spis_OCDA_740","Spis-OCDA-740","OffshoreCentral","Davies","OCDA_LA1S",-18.833,147.63338,25.74,26.23,26.25,26.22,25.85,25.57,25.48,25.88,25.8,25.75,26.01,26.22,25.55,26.7,25.8,25.56,26.26,26.09,26.21,26.16,26.11,25.74,25.84,25.94,26.5,26.73,25.9,25.97,26.32,26.09,26.4,27.02,26.58,26.22,25.9,26.55,26.64,26.91,26.65,26.76
"Spis_OCDA_742","Spis-OCDA-742","OffshoreCentral","Davies","OCDA_LA1S",-18.833,147.63338,25.74,26.23,26.25,26.22,25.85,25.57,25.48,25.88,25.8,25.75,26.01,26.22,25.55,26.7,25.8,25.56,26.26,26.09,26.21,26.16,26.11,25.74,25.84,25.94,26.5,26.73,25.9,25.97,26.32,26.09,26.4,27.02,26.58,26.22,25.9,26.55,26.64,26.91,26.65,26.76
"Spis_OCDA_743","Spis-OCDA-743","OffshoreCentral","Davies","OCDA_LA1S",-18.833,147.63338,25.74,26.23,26.25,26.22,25.85,25.57,25.48,25.88,25.8,25.75,26.01,26.22,25.55,26.7,25.8,25.56,26.26,26.09,26.21,26.16,26.11,25.74,25.84,25.94,26.5,26.73,25.9,25.97,26.32,26.09,26.4,27.02,26.58,26.22,25.9,26.55,26.64,26.91,26.65,26.76
"Spis_OCDA_746","Spis-OCDA-746","OffshoreCentral","Davies","OCDA_LA1S",-18.833,147.63338,25.74,26.23,26.25,26.22,25.85,25.57,25.48,25.88,25.8,25.75,26.01,26.22,25.55,26.7,25.8,25.56,26.26,26.09,26.21,26.16,26.11,25.74,25.84,25.94,26.5,26.73,25.9,25.97,26.32,26.09,26.4,27.02,26.58,26.22,25.9,26.55,26.64,26.91,26.65,26.76
"Spis_OCDA_748","Spis-OCDA-748","OffshoreCentral","Davies","OCDA_LA1S",-18.833,147.63338,25.74,26.23,26.25,26.22,25.85,25.57,25.48,25.88,25.8,25.75,26.01,26.22,25.55,26.7,25.8,25.56,26.26,26.09,26.21,26.16,26.11,25.74,25.84,25.94,26.5,26.73,25.9,25.97,26.32,26.09,26.4,27.02,26.58,26.22,25.9,26.55,26.64,26.91,26.65,26.76
"Spis_OCDA_749","Spis-OCDA-749","OffshoreCentral","Davies","OCDA_LA1S",-18.833,147.63338,25.74,26.23,26.25,26.22,25.85,25.57,25.48,25.88,25.8,25.75,26.01,26.22,25.55,26.7,25.8,25.56,26.26,26.09,26.21,26.16,26.11,25.74,25.84,25.94,26.5,26.73,25.9,25.97,26.32,26.09,26.4,27.02,26.58,26.22,25.9,26.55,26.64,26.91,26.65,26.76
"Spis_OCDA_752","Spis-OCDA-752","OffshoreCentral","Davies","OCDA_LA1S",-18.833,147.63338,25.74,26.23,26.25,26.22,25.85,25.57,25.48,25.88,25.8,25.75,26.01,26.22,25.55,26.7,25.8,25.56,26.26,26.09,26.21,26.16,26.11,25.74,25.84,25.94,26.5,26.73,25.9,25.97,26.32,26.09,26.4,27.02,26.58,26.22,25.9,26.55,26.64,26.91,26.65,26.76
"Spis_OCDA_755","Spis-OCDA-755","OffshoreCentral","Davies","OCDA_LA1S",-18.833,147.63338,25.74,26.23,26.25,26.22,25.85,25.57,25.48,25.88,25.8,25.75,26.01,26.22,25.55,26.7,25.8,25.56,26.26,26.09,26.21,26.16,26.11,25.74,25.84,25.94,26.5,26.73,25.9,25.97,26.32,26.09,26.4,27.02,26.58,26.22,25.9,26.55,26.64,26.91,26.65,26.76
"Spis_OCDA_757","Spis-OCDA-757","OffshoreCentral","Davies","OCDA_LA1S",-18.833,147.63338,25.74,26.23,26.25,26.22,25.85,25.57,25.48,25.88,25.8,25.75,26.01,26.22,25.55,26.7,25.8,25.56,26.26,26.09,26.21,26.16,26.11,25.74,25.84,25.94,26.5,26.73,25.9,25.97,26.32,26.09,26.4,27.02,26.58,26.22,25.9,26.55,26.64,26.91,26.65,26.76
"Spis_OCDA_758","Spis-OCDA-758","OffshoreCentral","Davies","OCDA_LA1S",-18.833,147.63338,25.74,26.23,26.25,26.22,25.85,25.57,25.48,25.88,25.8,25.75,26.01,26.22,25.55,26.7,25.8,25.56,26.26,26.09,26.21,26.16,26.11,25.74,25.84,25.94,26.5,26.73,25.9,25.97,26.32,26.09,26.4,27.02,26.58,26.22,25.9,26.55,26.64,26.91,26.65,26.76
"Spis_OCDA_760","Spis-OCDA-760","OffshoreCentral","Davies","OCDA_LA2S",-18.83125,147.63316,25.74,26.23,26.25,26.22,25.85,25.57,25.48,25.88,25.8,25.75,26.01,26.22,25.55,26.7,25.8,25.56,26.26,26.09,26.21,26.16,26.11,25.74,25.84,25.94,26.5,26.73,25.9,25.97,26.32,26.09,26.4,27.02,26.58,26.22,25.9,26.55,26.64,26.91,26.65,26.76
"Spis_OCDA_762","Spis-OCDA-762","OffshoreCentral","Davies","OCDA_LA2S",-18.83125,147.63316,25.74,26.23,26.25,26.22,25.85,25.57,25.48,25.88,25.8,25.75,26.01,26.22,25.55,26.7,25.8,25.56,26.26,26.09,26.21,26.16,26.11,25.74,25.84,25.94,26.5,26.73,25.9,25.97,26.32,26.09,26.4,27.02,26.58,26.22,25.9,26.55,26.64,26.91,26.65,26.76
"Spis_OCDA_763","Spis-OCDA-763","OffshoreCentral","Davies","OCDA_LA2S",-18.83125,147.63316,25.74,26.23,26.25,26.22,25.85,25.57,25.48,25.88,25.8,25.75,26.01,26.22,25.55,26.7,25.8,25.56,26.26,26.09,26.21,26.16,26.11,25.74,25.84,25.94,26.5,26.73,25.9,25.97,26.32,26.09,26.4,27.02,26.58,26.22,25.9,26.55,26.64,26.91,26.65,26.76
"Spis_OCDA_768","Spis-OCDA-768","OffshoreCentral","Davies","OCDA_LA2S",-18.83125,147.63316,25.74,26.23,26.25,26.22,25.85,25.57,25.48,25.88,25.8,25.75,26.01,26.22,25.55,26.7,25.8,25.56,26.26,26.09,26.21,26.16,26.11,25.74,25.84,25.94,26.5,26.73,25.9,25.97,26.32,26.09,26.4,27.02,26.58,26.22,25.9,26.55,26.64,26.91,26.65,26.76
"Spis_OCDA_770","Spis-OCDA-770","OffshoreCentral","Davies","OCDA_BA1D",-18.82579,147.62735,25.74,26.23,26.25,26.22,25.85,25.57,25.48,25.88,25.8,25.75,26.01,26.22,25.55,26.7,25.8,25.56,26.26,26.09,26.21,26.16,26.11,25.74,25.84,25.94,26.5,26.73,25.9,25.97,26.32,26.09,26.4,27.02,26.58,26.22,25.9,26.55,26.64,26.91,26.65,26.76
"Spis_OCDA_776","Spis-OCDA-776","OffshoreCentral","Davies","OCDA_BA1D",-18.82579,147.62735,25.74,26.23,26.25,26.22,25.85,25.57,25.48,25.88,25.8,25.75,26.01,26.22,25.55,26.7,25.8,25.56,26.26,26.09,26.21,26.16,26.11,25.74,25.84,25.94,26.5,26.73,25.9,25.97,26.32,26.09,26.4,27.02,26.58,26.22,25.9,26.55,26.64,26.91,26.65,26.76
"Spis_OCDA_779","Spis-OCDA-779","OffshoreCentral","Davies","OCDA_BA1S",-18.8259,147.62727,25.74,26.23,26.25,26.22,25.85,25.57,25.48,25.88,25.8,25.75,26.01,26.22,25.55,26.7,25.8,25.56,26.26,26.09,26.21,26.16,26.11,25.74,25.84,25.94,26.5,26.73,25.9,25.97,26.32,26.09,26.4,27.02,26.58,26.22,25.9,26.55,26.64,26.91,26.65,26.76
"Spis_OCDA_781","Spis-OCDA-781","OffshoreCentral","Davies","OCDA_BA1S",-18.8259,147.62727,25.74,26.23,26.25,26.22,25.85,25.57,25.48,25.88,25.8,25.75,26.01,26.22,25.55,26.7,25.8,25.56,26.26,26.09,26.21,26.16,26.11,25.74,25.84,25.94,26.5,26.73,25.9,25.97,26.32,26.09,26.4,27.02,26.58,26.22,25.9,26.55,26.64,26.91,26.65,26.76
"Spis_OCDA_784","Spis-OCDA-784","OffshoreCentral","Davies","OCDA_BA1S",-18.8259,147.62727,25.74,26.23,26.25,26.22,25.85,25.57,25.48,25.88,25.8,25.75,26.01,26.22,25.55,26.7,25.8,25.56,26.26,26.09,26.21,26.16,26.11,25.74,25.84,25.94,26.5,26.73,25.9,25.97,26.32,26.09,26.4,27.02,26.58,26.22,25.9,26.55,26.64,26.91,26.65,26.76
"Spis_OCDA_788","Spis-OCDA-788","OffshoreCentral","Davies","OCDA_BA1S",-18.8259,147.62727,25.74,26.23,26.25,26.22,25.85,25.57,25.48,25.88,25.8,25.75,26.01,26.22,25.55,26.7,25.8,25.56,26.26,26.09,26.21,26.16,26.11,25.74,25.84,25.94,26.5,26.73,25.9,25.97,26.32,26.09,26.4,27.02,26.58,26.22,25.9,26.55,26.64,26.91,26.65,26.76
"Spis_OCLB_697","Spis-OCLB-697","OffshoreCentral","Little Broadhurst","OCLB_BA1S",-18.9493475,147.6929265,25.64,26.16,26.18,26.13,25.75,25.46,25.45,25.82,25.75,25.65,25.97,26.12,25.49,26.63,25.7,25.46,26.16,26.04,26.14,26.1,26.07,25.66,25.77,25.85,26.43,26.62,25.79,25.89,26.24,26.02,26.34,26.94,26.52,26.16,25.83,26.47,26.56,26.82,26.59,26.68
"Spis_OCLB_701","Spis-OCLB-701","OffshoreCentral","Little Broadhurst","OCLB_BA1S",-18.9493475,147.6929265,25.64,26.16,26.18,26.13,25.75,25.46,25.45,25.82,25.75,25.65,25.97,26.12,25.49,26.63,25.7,25.46,26.16,26.04,26.14,26.1,26.07,25.66,25.77,25.85,26.43,26.62,25.79,25.89,26.24,26.02,26.34,26.94,26.52,26.16,25.83,26.47,26.56,26.82,26.59,26.68
"Spis_OCLB_711","Spis-OCLB-711","OffshoreCentral","Little Broadhurst","OCLB_FL1S",-18.944062,147.699285,25.64,26.16,26.18,26.13,25.75,25.46,25.45,25.82,25.75,25.65,25.97,26.12,25.49,26.63,25.7,25.46,26.16,26.04,26.14,26.1,26.07,25.66,25.77,25.85,26.43,26.62,25.79,25.89,26.24,26.02,26.34,26.94,26.52,26.16,25.83,26.47,26.56,26.82,26.59,26.68
"Spis_OCLB_717","Spis-OCLB-717","OffshoreCentral","Little Broadhurst","OCLB_FL1S",-18.944062,147.699285,25.64,26.16,26.18,26.13,25.75,25.46,25.45,25.82,25.75,25.65,25.97,26.12,25.49,26.63,25.7,25.46,26.16,26.04,26.14,26.1,26.07,25.66,25.77,25.85,26.43,26.62,25.79,25.89,26.24,26.02,26.34,26.94,26.52,26.16,25.83,26.47,26.56,26.82,26.59,26.68
"Spis_OCLB_720","Spis-OCLB-720","OffshoreCentral","Little Broadhurst","OCLB_FL1S",-18.944062,147.699285,25.64,26.16,26.18,26.13,25.75,25.46,25.45,25.82,25.75,25.65,25.97,26.12,25.49,26.63,25.7,25.46,26.16,26.04,26.14,26.1,26.07,25.66,25.77,25.85,26.43,26.62,25.79,25.89,26.24,26.02,26.34,26.94,26.52,26.16,25.83,26.47,26.56,26.82,26.59,26.68
"Spis_OCLB_724","Spis-OCLB-724","OffshoreCentral","Little Broadhurst","OCLB_FL1S",-18.944062,147.699285,25.64,26.16,26.18,26.13,25.75,25.46,25.45,25.82,25.75,25.65,25.97,26.12,25.49,26.63,25.7,25.46,26.16,26.04,26.14,26.1,26.07,25.66,25.77,25.85,26.43,26.62,25.79,25.89,26.24,26.02,26.34,26.94,26.52,26.16,25.83,26.47,26.56,26.82,26.59,26.68
"Spis_OCLB_725","Spis-OCLB-725","OffshoreCentral","Little Broadhurst","OCLB_LA1S",-18.949382,147.701909,25.64,26.16,26.18,26.13,25.75,25.46,25.45,25.82,25.75,25.65,25.97,26.12,25.49,26.63,25.7,25.46,26.16,26.04,26.14,26.1,26.07,25.66,25.77,25.85,26.43,26.62,25.79,25.89,26.24,26.02,26.34,26.94,26.52,26.16,25.83,26.47,26.56,26.82,26.59,26.68
"Spis_OCLB_728","Spis-OCLB-728","OffshoreCentral","Little Broadhurst","OCLB_LA1S",-18.949382,147.701909,25.64,26.16,26.18,26.13,25.75,25.46,25.45,25.82,25.75,25.65,25.97,26.12,25.49,26.63,25.7,25.46,26.16,26.04,26.14,26.1,26.07,25.66,25.77,25.85,26.43,26.62,25.79,25.89,26.24,26.02,26.34,26.94,26.52,26.16,25.83,26.47,26.56,26.82,26.59,26.68
"Spis_OCLB_731","Spis-OCLB-731","OffshoreCentral","Little Broadhurst","OCLB_LA1S",-18.949382,147.701909,25.64,26.16,26.18,26.13,25.75,25.46,25.45,25.82,25.75,25.65,25.97,26.12,25.49,26.63,25.7,25.46,26.16,26.04,26.14,26.1,26.07,25.66,25.77,25.85,26.43,26.62,25.79,25.89,26.24,26.02,26.34,26.94,26.52,26.16,25.83,26.47,26.56,26.82,26.59,26.68
"Spis_OCLB_734","Spis-OCLB-734","OffshoreCentral","Little Broadhurst","OCLB_LA1S",-18.949382,147.701909,25.64,26.16,26.18,26.13,25.75,25.46,25.45,25.82,25.75,25.65,25.97,26.12,25.49,26.63,25.7,25.46,26.16,26.04,26.14,26.1,26.07,25.66,25.77,25.85,26.43,26.62,25.79,25.89,26.24,26.02,26.34,26.94,26.52,26.16,25.83,26.47,26.56,26.82,26.59,26.68
"Spis_OCLB_738","Spis-OCLB-738","OffshoreCentral","Little Broadhurst","OCLB_LA1S",-18.949382,147.701909,25.64,26.16,26.18,26.13,25.75,25.46,25.45,25.82,25.75,25.65,25.97,26.12,25.49,26.63,25.7,25.46,26.16,26.04,26.14,26.1,26.07,25.66,25.77,25.85,26.43,26.62,25.79,25.89,26.24,26.02,26.34,26.94,26.52,26.16,25.83,26.47,26.56,26.82,26.59,26.68
"Spis_OCLB_739","Spis-OCLB-739","OffshoreCentral","Little Broadhurst","OCLB_LA1S",-18.949382,147.701909,25.64,26.16,26.18,26.13,25.75,25.46,25.45,25.82,25.75,25.65,25.97,26.12,25.49,26.63,25.7,25.46,26.16,26.04,26.14,26.1,26.07,25.66,25.77,25.85,26.43,26.62,25.79,25.89,26.24,26.02,26.34,26.94,26.52,26.16,25.83,26.47,26.56,26.82,26.59,26.68
"Spis_ONLI_441","Spis-ONLI-441","Lizard","Lizard","ONLI_FR1S",-14.6912735,145.4693795,26.21,26.58,26.44,26.81,26.56,26.19,25.64,26.16,26.06,26.05,26.38,26.79,25.89,27.1,26.23,26.2,26.6,26.44,26.61,26.47,26.54,26.31,26.46,26.48,26.87,27.34,26.41,26.47,26.77,26.46,26.64,27.56,27.02,26.74,26.36,27.05,27.31,27.64,27.12,27.25
"Spis_ONLI_442","Spis-ONLI-442","Lizard","Lizard","ONLI_FR1S",-14.6912735,145.4693795,26.21,26.58,26.44,26.81,26.56,26.19,25.64,26.16,26.06,26.05,26.38,26.79,25.89,27.1,26.23,26.2,26.6,26.44,26.61,26.47,26.54,26.31,26.46,26.48,26.87,27.34,26.41,26.47,26.77,26.46,26.64,27.56,27.02,26.74,26.36,27.05,27.31,27.64,27.12,27.25
"Spis_ONLI_443","Spis-ONLI-443","Lizard","Lizard","ONLI_FR1S",-14.6912735,145.4693795,26.21,26.58,26.44,26.81,26.56,26.19,25.64,26.16,26.06,26.05,26.38,26.79,25.89,27.1,26.23,26.2,26.6,26.44,26.61,26.47,26.54,26.31,26.46,26.48,26.87,27.34,26.41,26.47,26.77,26.46,26.64,27.56,27.02,26.74,26.36,27.05,27.31,27.64,27.12,27.25
"Spis_ONLI_445","Spis-ONLI-445","Lizard","Lizard","ONLI_FR1S",-14.6912735,145.4693795,26.21,26.58,26.44,26.81,26.56,26.19,25.64,26.16,26.06,26.05,26.38,26.79,25.89,27.1,26.23,26.2,26.6,26.44,26.61,26.47,26.54,26.31,26.46,26.48,26.87,27.34,26.41,26.47,26.77,26.46,26.64,27.56,27.02,26.74,26.36,27.05,27.31,27.64,27.12,27.25
"Spis_ONLI_448","Spis-ONLI-448","Lizard","Lizard","ONLI_FR1S",-14.6912735,145.4693795,26.21,26.58,26.44,26.81,26.56,26.19,25.64,26.16,26.06,26.05,26.38,26.79,25.89,27.1,26.23,26.2,26.6,26.44,26.61,26.47,26.54,26.31,26.46,26.48,26.87,27.34,26.41,26.47,26.77,26.46,26.64,27.56,27.02,26.74,26.36,27.05,27.31,27.64,27.12,27.25
"Spis_ONLI_449","Spis-ONLI-449","Lizard","Lizard","ONLI_FL1S",-14.6980975,145.445447,26.16,26.56,26.41,26.78,26.54,26.14,25.62,26.13,26.04,26.01,26.35,26.77,25.87,27.08,26.19,26.16,26.56,26.4,26.58,26.43,26.5,26.25,26.42,26.43,26.82,27.28,26.34,26.41,26.73,26.4,26.61,27.53,26.99,26.71,26.31,27,27.27,27.58,27.05,27.2
"Spis_ONLI_455","Spis-ONLI-455","Lizard","Lizard","ONLI_FL1S",-14.6980975,145.445447,26.16,26.56,26.41,26.78,26.54,26.14,25.62,26.13,26.04,26.01,26.35,26.77,25.87,27.08,26.19,26.16,26.56,26.4,26.58,26.43,26.5,26.25,26.42,26.43,26.82,27.28,26.34,26.41,26.73,26.4,26.61,27.53,26.99,26.71,26.31,27,27.27,27.58,27.05,27.2
"Spis_ONLI_456","Spis-ONLI-456","Lizard","Lizard","ONLI_FL1S",-14.6980975,145.445447,26.16,26.56,26.41,26.78,26.54,26.14,25.62,26.13,26.04,26.01,26.35,26.77,25.87,27.08,26.19,26.16,26.56,26.4,26.58,26.43,26.5,26.25,26.42,26.43,26.82,27.28,26.34,26.41,26.73,26.4,26.61,27.53,26.99,26.71,26.31,27,27.27,27.58,27.05,27.2
"Spis_ONLI_465","Spis-ONLI-465","Lizard","Lizard","ONLI_FR2S",-14.649439,145.492935,26.21,26.58,26.44,26.81,26.56,26.19,25.64,26.16,26.06,26.05,26.38,26.79,25.89,27.1,26.23,26.2,26.6,26.44,26.61,26.47,26.54,26.31,26.46,26.48,26.87,27.34,26.41,26.47,26.77,26.46,26.64,27.56,27.02,26.74,26.36,27.05,27.31,27.64,27.12,27.25
"Spis_ONLI_467","Spis-ONLI-467","Lizard","Lizard","ONLI_FR2S",-14.649439,145.492935,26.21,26.58,26.44,26.81,26.56,26.19,25.64,26.16,26.06,26.05,26.38,26.79,25.89,27.1,26.23,26.2,26.6,26.44,26.61,26.47,26.54,26.31,26.46,26.48,26.87,27.34,26.41,26.47,26.77,26.46,26.64,27.56,27.02,26.74,26.36,27.05,27.31,27.64,27.12,27.25
"Spis_ONLI_468","Spis-ONLI-468","Lizard","Lizard","ONLI_FR2S",-14.649439,145.492935,26.21,26.58,26.44,26.81,26.56,26.19,25.64,26.16,26.06,26.05,26.38,26.79,25.89,27.1,26.23,26.2,26.6,26.44,26.61,26.47,26.54,26.31,26.46,26.48,26.87,27.34,26.41,26.47,26.77,26.46,26.64,27.56,27.02,26.74,26.36,27.05,27.31,27.64,27.12,27.25
"Spis_ONLI_484","Spis-ONLI-484","Lizard","Lizard","ONLI_BA2S",-14.667794,145.441894,26.16,26.56,26.41,26.78,26.54,26.14,25.62,26.13,26.04,26.01,26.35,26.77,25.87,27.08,26.19,26.16,26.56,26.4,26.58,26.43,26.5,26.25,26.42,26.43,26.82,27.28,26.34,26.41,26.73,26.4,26.61,27.53,26.99,26.71,26.31,27,27.27,27.58,27.05,27.2
"Spis_ONLI_486","Spis-ONLI-486","Lizard","Lizard","ONLI_BA2S",-14.667794,145.441894,26.16,26.56,26.41,26.78,26.54,26.14,25.62,26.13,26.04,26.01,26.35,26.77,25.87,27.08,26.19,26.16,26.56,26.4,26.58,26.43,26.5,26.25,26.42,26.43,26.82,27.28,26.34,26.41,26.73,26.4,26.61,27.53,26.99,26.71,26.31,27,27.27,27.58,27.05,27.2
"Spis_ONLI_490","Spis-ONLI-490","Lizard","Lizard","ONLI_LA1S",-14.6877065,145.465276,26.21,26.58,26.44,26.81,26.56,26.19,25.64,26.16,26.06,26.05,26.38,26.79,25.89,27.1,26.23,26.2,26.6,26.44,26.61,26.47,26.54,26.31,26.46,26.48,26.87,27.34,26.41,26.47,26.77,26.46,26.64,27.56,27.02,26.74,26.36,27.05,27.31,27.64,27.12,27.25
"Spis_ONLI_491","Spis-ONLI-491","Lizard","Lizard","ONLI_LA1S",-14.6877065,145.465276,26.21,26.58,26.44,26.81,26.56,26.19,25.64,26.16,26.06,26.05,26.38,26.79,25.89,27.1,26.23,26.2,26.6,26.44,26.61,26.47,26.54,26.31,26.46,26.48,26.87,27.34,26.41,26.47,26.77,26.46,26.64,27.56,27.02,26.74,26.36,27.05,27.31,27.64,27.12,27.25
"Spis_ONLI_493","Spis-ONLI-493","Lizard","Lizard","ONLI_LA1S",-14.6877065,145.465276,26.21,26.58,26.44,26.81,26.56,26.19,25.64,26.16,26.06,26.05,26.38,26.79,25.89,27.1,26.23,26.2,26.6,26.44,26.61,26.47,26.54,26.31,26.46,26.48,26.87,27.34,26.41,26.47,26.77,26.46,26.64,27.56,27.02,26.74,26.36,27.05,27.31,27.64,27.12,27.25
"Spis_ONLI_494","Spis-ONLI-494","Lizard","Lizard","ONLI_LA1S",-14.6877065,145.465276,26.21,26.58,26.44,26.81,26.56,26.19,25.64,26.16,26.06,26.05,26.38,26.79,25.89,27.1,26.23,26.2,26.6,26.44,26.61,26.47,26.54,26.31,26.46,26.48,26.87,27.34,26.41,26.47,26.77,26.46,26.64,27.56,27.02,26.74,26.36,27.05,27.31,27.64,27.12,27.25
"Spis_ONLI_792","Spis-ONLI-792","Lizard","Lizard","ONLI_FR1S",-14.6912735,145.4693795,26.21,26.58,26.44,26.81,26.56,26.19,25.64,26.16,26.06,26.05,26.38,26.79,25.89,27.1,26.23,26.2,26.6,26.44,26.61,26.47,26.54,26.31,26.46,26.48,26.87,27.34,26.41,26.47,26.77,26.46,26.64,27.56,27.02,26.74,26.36,27.05,27.31,27.64,27.12,27.25
"Spis_ONLI_793","Spis-ONLI-793","Lizard","Lizard","ONLI_FR1S",-14.6912735,145.4693795,26.21,26.58,26.44,26.81,26.56,26.19,25.64,26.16,26.06,26.05,26.38,26.79,25.89,27.1,26.23,26.2,26.6,26.44,26.61,26.47,26.54,26.31,26.46,26.48,26.87,27.34,26.41,26.47,26.77,26.46,26.64,27.56,27.02,26.74,26.36,27.05,27.31,27.64,27.12,27.25
"Spis_ONLI_798","Spis-ONLI-798","Lizard","Lizard","ONLI_FR1S",-14.6912735,145.4693795,26.21,26.58,26.44,26.81,26.56,26.19,25.64,26.16,26.06,26.05,26.38,26.79,25.89,27.1,26.23,26.2,26.6,26.44,26.61,26.47,26.54,26.31,26.46,26.48,26.87,27.34,26.41,26.47,26.77,26.46,26.64,27.56,27.02,26.74,26.36,27.05,27.31,27.64,27.12,27.25
"Spis_ONLI_804","Spis-ONLI-804","Lizard","Lizard","ONLI_BA2S",-14.667794,145.441894,26.16,26.56,26.41,26.78,26.54,26.14,25.62,26.13,26.04,26.01,26.35,26.77,25.87,27.08,26.19,26.16,26.56,26.4,26.58,26.43,26.5,26.25,26.42,26.43,26.82,27.28,26.34,26.41,26.73,26.4,26.61,27.53,26.99,26.71,26.31,27,27.27,27.58,27.05,27.2
"Spis_ONLI_805","Spis-ONLI-805","Lizard","Lizard","ONLI_BA2S",-14.667794,145.441894,26.16,26.56,26.41,26.78,26.54,26.14,25.62,26.13,26.04,26.01,26.35,26.77,25.87,27.08,26.19,26.16,26.56,26.4,26.58,26.43,26.5,26.25,26.42,26.43,26.82,27.28,26.34,26.41,26.73,26.4,26.61,27.53,26.99,26.71,26.31,27,27.27,27.58,27.05,27.2
"Spis_ONLI_807","Spis-ONLI-807","Lizard","Lizard","ONLI_BA2S",-14.667794,145.441894,26.16,26.56,26.41,26.78,26.54,26.14,25.62,26.13,26.04,26.01,26.35,26.77,25.87,27.08,26.19,26.16,26.56,26.4,26.58,26.43,26.5,26.25,26.42,26.43,26.82,27.28,26.34,26.41,26.73,26.4,26.61,27.53,26.99,26.71,26.31,27,27.27,27.58,27.05,27.2
"Spis_ONLI_810","Spis-ONLI-810","Lizard","Lizard","ONLI_BA1S",-14.650714,145.450096,26.16,26.56,26.41,26.78,26.54,26.14,25.62,26.13,26.04,26.01,26.35,26.77,25.87,27.08,26.19,26.16,26.56,26.4,26.58,26.43,26.5,26.25,26.42,26.43,26.82,27.28,26.34,26.41,26.73,26.4,26.61,27.53,26.99,26.71,26.31,27,27.27,27.58,27.05,27.2
"Spis_ONLI_814","Spis-ONLI-814","Lizard","Lizard","ONLI_BA1S",-14.650714,145.450096,26.16,26.56,26.41,26.78,26.54,26.14,25.62,26.13,26.04,26.01,26.35,26.77,25.87,27.08,26.19,26.16,26.56,26.4,26.58,26.43,26.5,26.25,26.42,26.43,26.82,27.28,26.34,26.41,26.73,26.4,26.61,27.53,26.99,26.71,26.31,27,27.27,27.58,27.05,27.2
"Spis_ONLI_815","Spis-ONLI-815","Lizard","Lizard","ONLI_BA1S",-14.650714,145.450096,26.16,26.56,26.41,26.78,26.54,26.14,25.62,26.13,26.04,26.01,26.35,26.77,25.87,27.08,26.19,26.16,26.56,26.4,26.58,26.43,26.5,26.25,26.42,26.43,26.82,27.28,26.34,26.41,26.73,26.4,26.61,27.53,26.99,26.71,26.31,27,27.27,27.58,27.05,27.2
"Spis_ONLI_817","Spis-ONLI-817","Lizard","Lizard","ONLI_FR2S",-14.649439,145.492935,26.21,26.58,26.44,26.81,26.56,26.19,25.64,26.16,26.06,26.05,26.38,26.79,25.89,27.1,26.23,26.2,26.6,26.44,26.61,26.47,26.54,26.31,26.46,26.48,26.87,27.34,26.41,26.47,26.77,26.46,26.64,27.56,27.02,26.74,26.36,27.05,27.31,27.64,27.12,27.25
"Spis_ONLI_820","Spis-ONLI-820","Lizard","Lizard","ONLI_FR2S",-14.649439,145.492935,26.21,26.58,26.44,26.81,26.56,26.19,25.64,26.16,26.06,26.05,26.38,26.79,25.89,27.1,26.23,26.2,26.6,26.44,26.61,26.47,26.54,26.31,26.46,26.48,26.87,27.34,26.41,26.47,26.77,26.46,26.64,27.56,27.02,26.74,26.36,27.05,27.31,27.64,27.12,27.25
"Spis_ONLI_822","Spis-ONLI-822","Lizard","Lizard","ONLI_FR2S",-14.649439,145.492935,26.21,26.58,26.44,26.81,26.56,26.19,25.64,26.16,26.06,26.05,26.38,26.79,25.89,27.1,26.23,26.2,26.6,26.44,26.61,26.47,26.54,26.31,26.46,26.48,26.87,27.34,26.41,26.47,26.77,26.46,26.64,27.56,27.02,26.74,26.36,27.05,27.31,27.64,27.12,27.25
"Spis_ONLI_823","Spis-ONLI-823","Lizard","Lizard","ONLI_FR2S",-14.649439,145.492935,26.21,26.58,26.44,26.81,26.56,26.19,25.64,26.16,26.06,26.05,26.38,26.79,25.89,27.1,26.23,26.2,26.6,26.44,26.61,26.47,26.54,26.31,26.46,26.48,26.87,27.34,26.41,26.47,26.77,26.46,26.64,27.56,27.02,26.74,26.36,27.05,27.31,27.64,27.12,27.25
"Spis_ONMO_327","Spis-ONMO-327","Moore","Moore","ONMO_FR1D",-16.872083,146.2536695,26.05,26.55,26.52,26.63,26.32,25.98,25.61,26.24,26.09,26.02,26.42,26.64,25.77,27.06,26.11,26.01,26.54,26.41,26.52,26.39,26.46,26.14,26.36,26.44,26.83,27.17,26.31,26.34,26.73,26.43,26.67,27.46,27.02,26.63,26.32,27.04,27.11,27.47,27.1,27.25
"Spis_ONMO_328","Spis-ONMO-328","Moore","Moore","ONMO_FR1D",-16.872083,146.2536695,26.05,26.55,26.52,26.63,26.32,25.98,25.61,26.24,26.09,26.02,26.42,26.64,25.77,27.06,26.11,26.01,26.54,26.41,26.52,26.39,26.46,26.14,26.36,26.44,26.83,27.17,26.31,26.34,26.73,26.43,26.67,27.46,27.02,26.63,26.32,27.04,27.11,27.47,27.1,27.25
"Spis_ONMO_333","Spis-ONMO-333","Moore","Moore","ONMO_FR1D",-16.872083,146.2536695,26.05,26.55,26.52,26.63,26.32,25.98,25.61,26.24,26.09,26.02,26.42,26.64,25.77,27.06,26.11,26.01,26.54,26.41,26.52,26.39,26.46,26.14,26.36,26.44,26.83,27.17,26.31,26.34,26.73,26.43,26.67,27.46,27.02,26.63,26.32,27.04,27.11,27.47,27.1,27.25
"Spis_ONMO_334","Spis-ONMO-334","Moore","Moore","ONMO_FR1D",-16.872083,146.2536695,26.05,26.55,26.52,26.63,26.32,25.98,25.61,26.24,26.09,26.02,26.42,26.64,25.77,27.06,26.11,26.01,26.54,26.41,26.52,26.39,26.46,26.14,26.36,26.44,26.83,27.17,26.31,26.34,26.73,26.43,26.67,27.46,27.02,26.63,26.32,27.04,27.11,27.47,27.1,27.25
"Spis_ONMO_342","Spis-ONMO-342","Moore","Moore","ONMO_FR1S",-16.872041,146.2536145,26.05,26.55,26.52,26.63,26.32,25.98,25.61,26.24,26.09,26.02,26.42,26.64,25.77,27.06,26.11,26.01,26.54,26.41,26.52,26.39,26.46,26.14,26.36,26.44,26.83,27.17,26.31,26.34,26.73,26.43,26.67,27.46,27.02,26.63,26.32,27.04,27.11,27.47,27.1,27.25
"Spis_ONMO_347","Spis-ONMO-347","Moore","Moore","ONMO_FR2D",-16.8830355,146.244797,26.02,26.53,26.5,26.61,26.29,25.94,25.61,26.23,26.08,26.01,26.4,26.61,25.76,27.03,26.08,25.98,26.51,26.38,26.5,26.36,26.44,26.11,26.33,26.41,26.79,27.13,26.27,26.31,26.7,26.4,26.66,27.44,27,26.61,26.29,27,27.08,27.42,27.05,27.21
"Spis_ONMO_348","Spis-ONMO-348","Moore","Moore","ONMO_FR2D",-16.8830355,146.244797,26.02,26.53,26.5,26.61,26.29,25.94,25.61,26.23,26.08,26.01,26.4,26.61,25.76,27.03,26.08,25.98,26.51,26.38,26.5,26.36,26.44,26.11,26.33,26.41,26.79,27.13,26.27,26.31,26.7,26.4,26.66,27.44,27,26.61,26.29,27,27.08,27.42,27.05,27.21
"Spis_ONMO_349","Spis-ONMO-349","Moore","Moore","ONMO_FR2D",-16.8830355,146.244797,26.02,26.53,26.5,26.61,26.29,25.94,25.61,26.23,26.08,26.01,26.4,26.61,25.76,27.03,26.08,25.98,26.51,26.38,26.5,26.36,26.44,26.11,26.33,26.41,26.79,27.13,26.27,26.31,26.7,26.4,26.66,27.44,27,26.61,26.29,27,27.08,27.42,27.05,27.21
"Spis_ONMO_350","Spis-ONMO-350","Moore","Moore","ONMO_FR2D",-16.8830355,146.244797,26.02,26.53,26.5,26.61,26.29,25.94,25.61,26.23,26.08,26.01,26.4,26.61,25.76,27.03,26.08,25.98,26.51,26.38,26.5,26.36,26.44,26.11,26.33,26.41,26.79,27.13,26.27,26.31,26.7,26.4,26.66,27.44,27,26.61,26.29,27,27.08,27.42,27.05,27.21
"Spis_ONMO_351","Spis-ONMO-351","Moore","Moore","ONMO_FR2D",-16.8830355,146.244797,26.02,26.53,26.5,26.61,26.29,25.94,25.61,26.23,26.08,26.01,26.4,26.61,25.76,27.03,26.08,25.98,26.51,26.38,26.5,26.36,26.44,26.11,26.33,26.41,26.79,27.13,26.27,26.31,26.7,26.4,26.66,27.44,27,26.61,26.29,27,27.08,27.42,27.05,27.21
"Spis_ONMO_360","Spis-ONMO-360","Moore","Moore","ONMO_FR2S",-16.882674,146.244602,26.02,26.53,26.5,26.61,26.29,25.94,25.61,26.23,26.08,26.01,26.4,26.61,25.76,27.03,26.08,25.98,26.51,26.38,26.5,26.36,26.44,26.11,26.33,26.41,26.79,27.13,26.27,26.31,26.7,26.4,26.66,27.44,27,26.61,26.29,27,27.08,27.42,27.05,27.21
"Spis_ONMO_362","Spis-ONMO-362","Moore","Moore","ONMO_FR2S",-16.882674,146.244602,26.02,26.53,26.5,26.61,26.29,25.94,25.61,26.23,26.08,26.01,26.4,26.61,25.76,27.03,26.08,25.98,26.51,26.38,26.5,26.36,26.44,26.11,26.33,26.41,26.79,27.13,26.27,26.31,26.7,26.4,26.66,27.44,27,26.61,26.29,27,27.08,27.42,27.05,27.21
"Spis_ONMO_363","Spis-ONMO-363","Moore","Moore","ONMO_FR2S",-16.882674,146.244602,26.02,26.53,26.5,26.61,26.29,25.94,25.61,26.23,26.08,26.01,26.4,26.61,25.76,27.03,26.08,25.98,26.51,26.38,26.5,26.36,26.44,26.11,26.33,26.41,26.79,27.13,26.27,26.31,26.7,26.4,26.66,27.44,27,26.61,26.29,27,27.08,27.42,27.05,27.21
"Spis_ONMO_364","Spis-ONMO-364","Moore","Moore","ONMO_FR2S",-16.882674,146.244602,26.02,26.53,26.5,26.61,26.29,25.94,25.61,26.23,26.08,26.01,26.4,26.61,25.76,27.03,26.08,25.98,26.51,26.38,26.5,26.36,26.44,26.11,26.33,26.41,26.79,27.13,26.27,26.31,26.7,26.4,26.66,27.44,27,26.61,26.29,27,27.08,27.42,27.05,27.21
"Spis_ONMO_381","Spis-ONMO-381","Moore","Moore","ONMO_LA1S",-16.859841,146.2256785,26.05,26.55,26.52,26.63,26.32,25.98,25.61,26.24,26.09,26.02,26.42,26.64,25.77,27.06,26.11,26.01,26.54,26.41,26.52,26.39,26.46,26.14,26.36,26.44,26.83,27.17,26.31,26.34,26.73,26.43,26.67,27.46,27.02,26.63,26.32,27.04,27.11,27.47,27.1,27.25
"Spis_ONMO_382","Spis-ONMO-382","Moore","Moore","ONMO_LA1S",-16.859841,146.2256785,26.05,26.55,26.52,26.63,26.32,25.98,25.61,26.24,26.09,26.02,26.42,26.64,25.77,27.06,26.11,26.01,26.54,26.41,26.52,26.39,26.46,26.14,26.36,26.44,26.83,27.17,26.31,26.34,26.73,26.43,26.67,27.46,27.02,26.63,26.32,27.04,27.11,27.47,27.1,27.25
"Spis_ONMO_385","Spis-ONMO-385","Moore","Moore","ONMO_LA1S",-16.859841,146.2256785,26.05,26.55,26.52,26.63,26.32,25.98,25.61,26.24,26.09,26.02,26.42,26.64,25.77,27.06,26.11,26.01,26.54,26.41,26.52,26.39,26.46,26.14,26.36,26.44,26.83,27.17,26.31,26.34,26.73,26.43,26.67,27.46,27.02,26.63,26.32,27.04,27.11,27.47,27.1,27.25
"Spis_ONMO_386","Spis-ONMO-386","Moore","Moore","ONMO_LA1S",-16.859841,146.2256785,26.05,26.55,26.52,26.63,26.32,25.98,25.61,26.24,26.09,26.02,26.42,26.64,25.77,27.06,26.11,26.01,26.54,26.41,26.52,26.39,26.46,26.14,26.36,26.44,26.83,27.17,26.31,26.34,26.73,26.43,26.67,27.46,27.02,26.63,26.32,27.04,27.11,27.47,27.1,27.25
"Spis_ONMO_393","Spis-ONMO-393","Moore","Moore","ONMO_LA1D",-16.8599245,146.2257455,26.05,26.55,26.52,26.63,26.32,25.98,25.61,26.24,26.09,26.02,26.42,26.64,25.77,27.06,26.11,26.01,26.54,26.41,26.52,26.39,26.46,26.14,26.36,26.44,26.83,27.17,26.31,26.34,26.73,26.43,26.67,27.46,27.02,26.63,26.32,27.04,27.11,27.47,27.1,27.25
"Spis_ONMO_395","Spis-ONMO-395","Moore","Moore","ONMO_LA1D",-16.8599245,146.2257455,26.05,26.55,26.52,26.63,26.32,25.98,25.61,26.24,26.09,26.02,26.42,26.64,25.77,27.06,26.11,26.01,26.54,26.41,26.52,26.39,26.46,26.14,26.36,26.44,26.83,27.17,26.31,26.34,26.73,26.43,26.67,27.46,27.02,26.63,26.32,27.04,27.11,27.47,27.1,27.25
"Spis_ONMO_396","Spis-ONMO-396","Moore","Moore","ONMO_LA1D",-16.8599245,146.2257455,26.05,26.55,26.52,26.63,26.32,25.98,25.61,26.24,26.09,26.02,26.42,26.64,25.77,27.06,26.11,26.01,26.54,26.41,26.52,26.39,26.46,26.14,26.36,26.44,26.83,27.17,26.31,26.34,26.73,26.43,26.67,27.46,27.02,26.63,26.32,27.04,27.11,27.47,27.1,27.25
"Spis_ONMO_403","Spis-ONMO-403","Moore","Moore","ONMO_BA1D",-16.8471725,146.2174315,26.05,26.55,26.52,26.63,26.32,25.98,25.61,26.24,26.09,26.02,26.42,26.64,25.77,27.06,26.11,26.01,26.54,26.41,26.52,26.39,26.46,26.14,26.36,26.44,26.83,27.17,26.31,26.34,26.73,26.43,26.67,27.46,27.02,26.63,26.32,27.04,27.11,27.47,27.1,27.25
"Spis_ONMO_404","Spis-ONMO-404","Moore","Moore","ONMO_BA1D",-16.8471725,146.2174315,26.05,26.55,26.52,26.63,26.32,25.98,25.61,26.24,26.09,26.02,26.42,26.64,25.77,27.06,26.11,26.01,26.54,26.41,26.52,26.39,26.46,26.14,26.36,26.44,26.83,27.17,26.31,26.34,26.73,26.43,26.67,27.46,27.02,26.63,26.32,27.04,27.11,27.47,27.1,27.25
"Spis_ONMO_408","Spis-ONMO-408","Moore","Moore","ONMO_BA1D",-16.8471725,146.2174315,26.05,26.55,26.52,26.63,26.32,25.98,25.61,26.24,26.09,26.02,26.42,26.64,25.77,27.06,26.11,26.01,26.54,26.41,26.52,26.39,26.46,26.14,26.36,26.44,26.83,27.17,26.31,26.34,26.73,26.43,26.67,27.46,27.02,26.63,26.32,27.04,27.11,27.47,27.1,27.25
"Spis_ONMO_410","Spis-ONMO-410","Moore","Moore","ONMO_BA1D",-16.8471725,146.2174315,26.05,26.55,26.52,26.63,26.32,25.98,25.61,26.24,26.09,26.02,26.42,26.64,25.77,27.06,26.11,26.01,26.54,26.41,26.52,26.39,26.46,26.14,26.36,26.44,26.83,27.17,26.31,26.34,26.73,26.43,26.67,27.46,27.02,26.63,26.32,27.04,27.11,27.47,27.1,27.25
"Spis_ONMO_412","Spis-ONMO-412","Moore","Moore","ONMO_BA1D",-16.8471725,146.2174315,26.05,26.55,26.52,26.63,26.32,25.98,25.61,26.24,26.09,26.02,26.42,26.64,25.77,27.06,26.11,26.01,26.54,26.41,26.52,26.39,26.46,26.14,26.36,26.44,26.83,27.17,26.31,26.34,26.73,26.43,26.67,27.46,27.02,26.63,26.32,27.04,27.11,27.47,27.1,27.25
"Spis_ONMO_414","Spis-ONMO-414","Moore","Moore","ONMO_BA2D",-16.881947,146.1837795,26.05,26.55,26.52,26.63,26.32,25.98,25.61,26.24,26.09,26.02,26.42,26.64,25.77,27.06,26.11,26.01,26.54,26.41,26.52,26.39,26.46,26.14,26.36,26.44,26.83,27.17,26.31,26.34,26.73,26.43,26.67,27.46,27.02,26.63,26.32,27.04,27.11,27.47,27.1,27.25
"Spis_ONMO_415","Spis-ONMO-415","Moore","Moore","ONMO_BA2D",-16.881947,146.1837795,26.05,26.55,26.52,26.63,26.32,25.98,25.61,26.24,26.09,26.02,26.42,26.64,25.77,27.06,26.11,26.01,26.54,26.41,26.52,26.39,26.46,26.14,26.36,26.44,26.83,27.17,26.31,26.34,26.73,26.43,26.67,27.46,27.02,26.63,26.32,27.04,27.11,27.47,27.1,27.25
"Spis_ONMO_416","Spis-ONMO-416","Moore","Moore","ONMO_BA2D",-16.881947,146.1837795,26.05,26.55,26.52,26.63,26.32,25.98,25.61,26.24,26.09,26.02,26.42,26.64,25.77,27.06,26.11,26.01,26.54,26.41,26.52,26.39,26.46,26.14,26.36,26.44,26.83,27.17,26.31,26.34,26.73,26.43,26.67,27.46,27.02,26.63,26.32,27.04,27.11,27.47,27.1,27.25
"Spis_ONMO_419","Spis-ONMO-419","Moore","Moore","ONMO_BA2D",-16.881947,146.1837795,26.05,26.55,26.52,26.63,26.32,25.98,25.61,26.24,26.09,26.02,26.42,26.64,25.77,27.06,26.11,26.01,26.54,26.41,26.52,26.39,26.46,26.14,26.36,26.44,26.83,27.17,26.31,26.34,26.73,26.43,26.67,27.46,27.02,26.63,26.32,27.04,27.11,27.47,27.1,27.25
"Spis_ONMO_427","Spis-ONMO-427","Moore","Moore","ONMO_BA2S",-16.8820015,146.183993,26.05,26.55,26.52,26.63,26.32,25.98,25.61,26.24,26.09,26.02,26.42,26.64,25.77,27.06,26.11,26.01,26.54,26.41,26.52,26.39,26.46,26.14,26.36,26.44,26.83,27.17,26.31,26.34,26.73,26.43,26.67,27.46,27.02,26.63,26.32,27.04,27.11,27.47,27.1,27.25
"Spis_PAOR_545","Spis-PAOR-545","Pelorus","Pelorus","PAOR_FL1D",-18.57151,146.49538,25.4,26.11,26.09,26.15,25.72,25.39,25.42,25.77,25.85,25.57,26.02,26.14,25.44,26.58,25.58,25.34,26.17,25.94,26.18,26.01,26.01,25.65,25.73,25.8,26.29,26.38,25.53,25.68,26.15,25.93,26.34,26.88,26.59,26.24,25.77,26.41,26.5,26.69,26.43,26.64
"Spis_PAOR_548","Spis-PAOR-548","Pelorus","Pelorus","PAOR_FL1D",-18.57151,146.49538,25.4,26.11,26.09,26.15,25.72,25.39,25.42,25.77,25.85,25.57,26.02,26.14,25.44,26.58,25.58,25.34,26.17,25.94,26.18,26.01,26.01,25.65,25.73,25.8,26.29,26.38,25.53,25.68,26.15,25.93,26.34,26.88,26.59,26.24,25.77,26.41,26.5,26.69,26.43,26.64
"Spis_PAOR_550","Spis-PAOR-550","Pelorus","Pelorus","PAOR_FL1D",-18.57151,146.49538,25.4,26.11,26.09,26.15,25.72,25.39,25.42,25.77,25.85,25.57,26.02,26.14,25.44,26.58,25.58,25.34,26.17,25.94,26.18,26.01,26.01,25.65,25.73,25.8,26.29,26.38,25.53,25.68,26.15,25.93,26.34,26.88,26.59,26.24,25.77,26.41,26.5,26.69,26.43,26.64
"Spis_PAOR_551","Spis-PAOR-551","Pelorus","Pelorus","PAOR_FL1D",-18.57151,146.49538,25.4,26.11,26.09,26.15,25.72,25.39,25.42,25.77,25.85,25.57,26.02,26.14,25.44,26.58,25.58,25.34,26.17,25.94,26.18,26.01,26.01,25.65,25.73,25.8,26.29,26.38,25.53,25.68,26.15,25.93,26.34,26.88,26.59,26.24,25.77,26.41,26.5,26.69,26.43,26.64
"Spis_PAPE_528","Spis-PAPE-528","Pelorus","Pelorus","PAPE_FR1D",-18.53935,146.4995,25.4,26.11,26.09,26.15,25.72,25.39,25.42,25.77,25.85,25.57,26.02,26.14,25.44,26.58,25.58,25.34,26.17,25.94,26.18,26.01,26.01,25.65,25.73,25.8,26.29,26.38,25.53,25.68,26.15,25.93,26.34,26.88,26.59,26.24,25.77,26.41,26.5,26.69,26.43,26.64
"Spis_PAPE_529","Spis-PAPE-529","Pelorus","Pelorus","PAPE_FR1D",-18.53935,146.4995,25.4,26.11,26.09,26.15,25.72,25.39,25.42,25.77,25.85,25.57,26.02,26.14,25.44,26.58,25.58,25.34,26.17,25.94,26.18,26.01,26.01,25.65,25.73,25.8,26.29,26.38,25.53,25.68,26.15,25.93,26.34,26.88,26.59,26.24,25.77,26.41,26.5,26.69,26.43,26.64
"Spis_PAPE_530","Spis-PAPE-530","Pelorus","Pelorus","PAPE_FR1D",-18.53935,146.4995,25.4,26.11,26.09,26.15,25.72,25.39,25.42,25.77,25.85,25.57,26.02,26.14,25.44,26.58,25.58,25.34,26.17,25.94,26.18,26.01,26.01,25.65,25.73,25.8,26.29,26.38,25.53,25.68,26.15,25.93,26.34,26.88,26.59,26.24,25.77,26.41,26.5,26.69,26.43,26.64
"Spis_PAPE_531","Spis-PAPE-531","Pelorus","Pelorus","PAPE_FR1D",-18.53935,146.4995,25.4,26.11,26.09,26.15,25.72,25.39,25.42,25.77,25.85,25.57,26.02,26.14,25.44,26.58,25.58,25.34,26.17,25.94,26.18,26.01,26.01,25.65,25.73,25.8,26.29,26.38,25.53,25.68,26.15,25.93,26.34,26.88,26.59,26.24,25.77,26.41,26.5,26.69,26.43,26.64
"Spis_PAPE_532","Spis-PAPE-532","Pelorus","Pelorus","PAPE_FR1D",-18.53935,146.4995,25.4,26.11,26.09,26.15,25.72,25.39,25.42,25.77,25.85,25.57,26.02,26.14,25.44,26.58,25.58,25.34,26.17,25.94,26.18,26.01,26.01,25.65,25.73,25.8,26.29,26.38,25.53,25.68,26.15,25.93,26.34,26.88,26.59,26.24,25.77,26.41,26.5,26.69,26.43,26.64
"Spis_PAPE_533","Spis-PAPE-533","Pelorus","Pelorus","PAPE_FR1D",-18.53935,146.4995,25.4,26.11,26.09,26.15,25.72,25.39,25.42,25.77,25.85,25.57,26.02,26.14,25.44,26.58,25.58,25.34,26.17,25.94,26.18,26.01,26.01,25.65,25.73,25.8,26.29,26.38,25.53,25.68,26.15,25.93,26.34,26.88,26.59,26.24,25.77,26.41,26.5,26.69,26.43,26.64
"Spis_PAPE_535","Spis-PAPE-535","Pelorus","Pelorus","PAPE_FR1D",-18.53935,146.4995,25.4,26.11,26.09,26.15,25.72,25.39,25.42,25.77,25.85,25.57,26.02,26.14,25.44,26.58,25.58,25.34,26.17,25.94,26.18,26.01,26.01,25.65,25.73,25.8,26.29,26.38,25.53,25.68,26.15,25.93,26.34,26.88,26.59,26.24,25.77,26.41,26.5,26.69,26.43,26.64
"Spis_PAPE_538","Spis-PAPE-538","Pelorus","Pelorus","PAPE_FR1D",-18.53935,146.4995,25.4,26.11,26.09,26.15,25.72,25.39,25.42,25.77,25.85,25.57,26.02,26.14,25.44,26.58,25.58,25.34,26.17,25.94,26.18,26.01,26.01,25.65,25.73,25.8,26.29,26.38,25.53,25.68,26.15,25.93,26.34,26.88,26.59,26.24,25.77,26.41,26.5,26.69,26.43,26.64
"Spis_PAPE_539","Spis-PAPE-539","Pelorus","Pelorus","PAPE_FR1D",-18.53935,146.4995,25.4,26.11,26.09,26.15,25.72,25.39,25.42,25.77,25.85,25.57,26.02,26.14,25.44,26.58,25.58,25.34,26.17,25.94,26.18,26.01,26.01,25.65,25.73,25.8,26.29,26.38,25.53,25.68,26.15,25.93,26.34,26.88,26.59,26.24,25.77,26.41,26.5,26.69,26.43,26.64
"Spis_PAPE_540","Spis-PAPE-540","Pelorus","Pelorus","PAPE_FR1D",-18.53935,146.4995,25.4,26.11,26.09,26.15,25.72,25.39,25.42,25.77,25.85,25.57,26.02,26.14,25.44,26.58,25.58,25.34,26.17,25.94,26.18,26.01,26.01,25.65,25.73,25.8,26.29,26.38,25.53,25.68,26.15,25.93,26.34,26.88,26.59,26.24,25.77,26.41,26.5,26.69,26.43,26.64
"Spis_PAPE_541","Spis-PAPE-541","Pelorus","Pelorus","PAPE_BA1D",-18.55054,146.48822,25.4,26.11,26.09,26.15,25.72,25.39,25.42,25.77,25.85,25.57,26.02,26.14,25.44,26.58,25.58,25.34,26.17,25.94,26.18,26.01,26.01,25.65,25.73,25.8,26.29,26.38,25.53,25.68,26.15,25.93,26.34,26.88,26.59,26.24,25.77,26.41,26.5,26.69,26.43,26.64
"Spis_PAPE_542","Spis-PAPE-542","Pelorus","Pelorus","PAPE_BA1D",-18.55054,146.48822,25.4,26.11,26.09,26.15,25.72,25.39,25.42,25.77,25.85,25.57,26.02,26.14,25.44,26.58,25.58,25.34,26.17,25.94,26.18,26.01,26.01,25.65,25.73,25.8,26.29,26.38,25.53,25.68,26.15,25.93,26.34,26.88,26.59,26.24,25.77,26.41,26.5,26.69,26.43,26.64
"Spis_PAPE_543","Spis-PAPE-543","Pelorus","Pelorus","PAPE_BA1D",-18.55054,146.48822,25.4,26.11,26.09,26.15,25.72,25.39,25.42,25.77,25.85,25.57,26.02,26.14,25.44,26.58,25.58,25.34,26.17,25.94,26.18,26.01,26.01,25.65,25.73,25.8,26.29,26.38,25.53,25.68,26.15,25.93,26.34,26.88,26.59,26.24,25.77,26.41,26.5,26.69,26.43,26.64
"Spis_PAPE_558","Spis-PAPE-558","Pelorus","Pelorus","PAPE_BA2S",-18.54103,146.48862,25.4,26.11,26.09,26.15,25.72,25.39,25.42,25.77,25.85,25.57,26.02,26.14,25.44,26.58,25.58,25.34,26.17,25.94,26.18,26.01,26.01,25.65,25.73,25.8,26.29,26.38,25.53,25.68,26.15,25.93,26.34,26.88,26.59,26.24,25.77,26.41,26.5,26.69,26.43,26.64
"Spis_PAPE_562","Spis-PAPE-562","Pelorus","Pelorus","PAPE_BA2S",-18.54103,146.48862,25.4,26.11,26.09,26.15,25.72,25.39,25.42,25.77,25.85,25.57,26.02,26.14,25.44,26.58,25.58,25.34,26.17,25.94,26.18,26.01,26.01,25.65,25.73,25.8,26.29,26.38,25.53,25.68,26.15,25.93,26.34,26.88,26.59,26.24,25.77,26.41,26.5,26.69,26.43,26.64
"Spis_PAPE_564","Spis-PAPE-564","Pelorus","Pelorus","PAPE_BA2S",-18.54103,146.48862,25.4,26.11,26.09,26.15,25.72,25.39,25.42,25.77,25.85,25.57,26.02,26.14,25.44,26.58,25.58,25.34,26.17,25.94,26.18,26.01,26.01,25.65,25.73,25.8,26.29,26.38,25.53,25.68,26.15,25.93,26.34,26.88,26.59,26.24,25.77,26.41,26.5,26.69,26.43,26.64
"Spis_PAPE_566","Spis-PAPE-566","Pelorus","Pelorus","PAPE_BA2D",-18.54083,146.48846,25.4,26.11,26.09,26.15,25.72,25.39,25.42,25.77,25.85,25.57,26.02,26.14,25.44,26.58,25.58,25.34,26.17,25.94,26.18,26.01,26.01,25.65,25.73,25.8,26.29,26.38,25.53,25.68,26.15,25.93,26.34,26.88,26.59,26.24,25.77,26.41,26.5,26.69,26.43,26.64
