Sample_names,Samplesrenames,Population,EcoReefID,EcoLocationID_short,LAT,LON,1985y,1986y,1987y,1988y,1989y,1990y,1991y,1992y,1993y,1994y,1995y,1996y,1997y,1998y,1999y,2000y,2001y,2002y,2003y,2004y,2005y,2006y,2007y,2008y,2009y,2010y,2011y,2012y,2013y,2014y,2015y,2016y,2017y,2018y,2019y,2020y,2021y,2022y,2023y,2024y
Spis_LIZA_488,Spis-LIZA-488,Lizard,Lizard,ONLI_BA2S,-14.667794,145.441894,28.9,28.56,29.41,28.69,29.21,28.41,28.99,28.36,28.27,29.3,29.24,29.08,28.41,29.29,28.93,28.7,28.73,29.2,29.2,29.46,28.77,29.25,29.1,29.19,29.26,29.31,29.03,28.8,28.86,28.64,28.97,29.79,29.79,29.19,28.79,29.51,29.5,29.44,29.03,29.76
Spis_ONLI_484,Spis-ONLI-484,Lizard,Lizard,ONLI_BA2S,-14.667794,145.441894,28.9,28.56,29.41,28.69,29.21,28.41,28.99,28.36,28.27,29.3,29.24,29.08,28.41,29.29,28.93,28.7,28.73,29.2,29.2,29.46,28.77,29.25,29.1,29.19,29.26,29.31,29.03,28.8,28.86,28.64,28.97,29.79,29.79,29.19,28.79,29.51,29.5,29.44,29.03,29.76
Spis_ONLI_486,Spis-ONLI-486,Lizard,Lizard,ONLI_BA2S,-14.667794,145.441894,28.9,28.56,29.41,28.69,29.21,28.41,28.99,28.36,28.27,29.3,29.24,29.08,28.41,29.29,28.93,28.7,28.73,29.2,29.2,29.46,28.77,29.25,29.1,29.19,29.26,29.31,29.03,28.8,28.86,28.64,28.97,29.79,29.79,29.19,28.79,29.51,29.5,29.44,29.03,29.76
Spis_ONLI_804,Spis-ONLI-804,Lizard,Lizard,ONLI_BA2S,-14.667794,145.441894,28.9,28.56,29.41,28.69,29.21,28.41,28.99,28.36,28.27,29.3,29.24,29.08,28.41,29.29,28.93,28.7,28.73,29.2,29.2,29.46,28.77,29.25,29.1,29.19,29.26,29.31,29.03,28.8,28.86,28.64,28.97,29.79,29.79,29.19,28.79,29.51,29.5,29.44,29.03,29.76
Spis_ONLI_805,Spis-ONLI-805,Lizard,Lizard,ONLI_BA2S,-14.667794,145.441894,28.9,28.56,29.41,28.69,29.21,28.41,28.99,28.36,28.27,29.3,29.24,29.08,28.41,29.29,28.93,28.7,28.73,29.2,29.2,29.46,28.77,29.25,29.1,29.19,29.26,29.31,29.03,28.8,28.86,28.64,28.97,29.79,29.79,29.19,28.79,29.51,29.5,29.44,29.03,29.76
Spis_ONLI_807,Spis-ONLI-807,Lizard,Lizard,ONLI_BA2S,-14.667794,145.441894,28.9,28.56,29.41,28.69,29.21,28.41,28.99,28.36,28.27,29.3,29.24,29.08,28.41,29.29,28.93,28.7,28.73,29.2,29.2,29.46,28.77,29.25,29.1,29.19,29.26,29.31,29.03,28.8,28.86,28.64,28.97,29.79,29.79,29.19,28.79,29.51,29.5,29.44,29.03,29.76
Spis_ONLI_449,Spis-ONLI-449,Lizard,Lizard,ONLI_FL1S,-14.6980975,145.445447,28.9,28.56,29.41,28.69,29.21,28.41,28.99,28.36,28.27,29.3,29.24,29.08,28.41,29.29,28.93,28.7,28.73,29.2,29.2,29.46,28.77,29.25,29.1,29.19,29.26,29.31,29.03,28.8,28.86,28.64,28.97,29.79,29.79,29.19,28.79,29.51,29.5,29.44,29.03,29.76
Spis_ONLI_455,Spis-ONLI-455,Lizard,Lizard,ONLI_FL1S,-14.6980975,145.445447,28.9,28.56,29.41,28.69,29.21,28.41,28.99,28.36,28.27,29.3,29.24,29.08,28.41,29.29,28.93,28.7,28.73,29.2,29.2,29.46,28.77,29.25,29.1,29.19,29.26,29.31,29.03,28.8,28.86,28.64,28.97,29.79,29.79,29.19,28.79,29.51,29.5,29.44,29.03,29.76
Spis_ONLI_456,Spis-ONLI-456,Lizard,Lizard,ONLI_FL1S,-14.6980975,145.445447,28.9,28.56,29.41,28.69,29.21,28.41,28.99,28.36,28.27,29.3,29.24,29.08,28.41,29.29,28.93,28.7,28.73,29.2,29.2,29.46,28.77,29.25,29.1,29.19,29.26,29.31,29.03,28.8,28.86,28.64,28.97,29.79,29.79,29.19,28.79,29.51,29.5,29.44,29.03,29.76
Spis_ONLI_810,Spis-ONLI-810,Lizard,Lizard,ONLI_BA1S,-14.650714,145.450096,28.91,28.54,29.38,28.65,29.18,28.36,28.97,28.42,28.25,29.26,29.2,29.06,28.4,29.25,28.9,28.7,28.73,29.17,29.2,29.45,28.77,29.23,29.07,29.19,29.26,29.33,29.03,28.8,28.84,28.65,28.97,29.8,29.76,29.16,28.78,29.52,29.48,29.41,29.03,29.73
Spis_ONLI_814,Spis-ONLI-814,Lizard,Lizard,ONLI_BA1S,-14.650714,145.450096,28.91,28.54,29.38,28.65,29.18,28.36,28.97,28.42,28.25,29.26,29.2,29.06,28.4,29.25,28.9,28.7,28.73,29.17,29.2,29.45,28.77,29.23,29.07,29.19,29.26,29.33,29.03,28.8,28.84,28.65,28.97,29.8,29.76,29.16,28.78,29.52,29.48,29.41,29.03,29.73
Spis_ONLI_815,Spis-ONLI-815,Lizard,Lizard,ONLI_BA1S,-14.650714,145.450096,28.91,28.54,29.38,28.65,29.18,28.36,28.97,28.42,28.25,29.26,29.2,29.06,28.4,29.25,28.9,28.7,28.73,29.17,29.2,29.45,28.77,29.23,29.07,29.19,29.26,29.33,29.03,28.8,28.84,28.65,28.97,29.8,29.76,29.16,28.78,29.52,29.48,29.41,29.03,29.73
Spis_LIZA_489,Spis-LIZA-489,Lizard,Lizard,ONLI_LA1S,-14.6877065,145.465276,28.91,28.54,29.38,28.65,29.18,28.36,28.97,28.42,28.25,29.26,29.2,29.06,28.4,29.25,28.9,28.7,28.73,29.17,29.2,29.45,28.77,29.23,29.07,29.19,29.26,29.33,29.03,28.8,28.84,28.65,28.97,29.8,29.76,29.16,28.78,29.52,29.48,29.41,29.03,29.73
Spis_ONLI_490,Spis-ONLI-490,Lizard,Lizard,ONLI_LA1S,-14.6877065,145.465276,28.91,28.54,29.38,28.65,29.18,28.36,28.97,28.42,28.25,29.26,29.2,29.06,28.4,29.25,28.9,28.7,28.73,29.17,29.2,29.45,28.77,29.23,29.07,29.19,29.26,29.33,29.03,28.8,28.84,28.65,28.97,29.8,29.76,29.16,28.78,29.52,29.48,29.41,29.03,29.73
Spis_ONLI_491,Spis-ONLI-491,Lizard,Lizard,ONLI_LA1S,-14.6877065,145.465276,28.91,28.54,29.38,28.65,29.18,28.36,28.97,28.42,28.25,29.26,29.2,29.06,28.4,29.25,28.9,28.7,28.73,29.17,29.2,29.45,28.77,29.23,29.07,29.19,29.26,29.33,29.03,28.8,28.84,28.65,28.97,29.8,29.76,29.16,28.78,29.52,29.48,29.41,29.03,29.73
Spis_ONLI_493,Spis-ONLI-493,Lizard,Lizard,ONLI_LA1S,-14.6877065,145.465276,28.91,28.54,29.38,28.65,29.18,28.36,28.97,28.42,28.25,29.26,29.2,29.06,28.4,29.25,28.9,28.7,28.73,29.17,29.2,29.45,28.77,29.23,29.07,29.19,29.26,29.33,29.03,28.8,28.84,28.65,28.97,29.8,29.76,29.16,28.78,29.52,29.48,29.41,29.03,29.73
Spis_ONLI_494,Spis-ONLI-494,Lizard,Lizard,ONLI_LA1S,-14.6877065,145.465276,28.91,28.54,29.38,28.65,29.18,28.36,28.97,28.42,28.25,29.26,29.2,29.06,28.4,29.25,28.9,28.7,28.73,29.17,29.2,29.45,28.77,29.23,29.07,29.19,29.26,29.33,29.03,28.8,28.84,28.65,28.97,29.8,29.76,29.16,28.78,29.52,29.48,29.41,29.03,29.73
Spis_ONLI_441,Spis-ONLI-441,Lizard,Lizard,ONLI_FR1S,-14.6912735,145.4693795,28.91,28.54,29.38,28.65,29.18,28.36,28.97,28.42,28.25,29.26,29.2,29.06,28.4,29.25,28.9,28.7,28.73,29.17,29.2,29.45,28.77,29.23,29.07,29.19,29.26,29.33,29.03,28.8,28.84,28.65,28.97,29.8,29.76,29.16,28.78,29.52,29.48,29.41,29.03,29.73
Spis_ONLI_442,Spis-ONLI-442,Lizard,Lizard,ONLI_FR1S,-14.6912735,145.4693795,28.91,28.54,29.38,28.65,29.18,28.36,28.97,28.42,28.25,29.26,29.2,29.06,28.4,29.25,28.9,28.7,28.73,29.17,29.2,29.45,28.77,29.23,29.07,29.19,29.26,29.33,29.03,28.8,28.84,28.65,28.97,29.8,29.76,29.16,28.78,29.52,29.48,29.41,29.03,29.73
Spis_ONLI_443,Spis-ONLI-443,Lizard,Lizard,ONLI_FR1S,-14.6912735,145.4693795,28.91,28.54,29.38,28.65,29.18,28.36,28.97,28.42,28.25,29.26,29.2,29.06,28.4,29.25,28.9,28.7,28.73,29.17,29.2,29.45,28.77,29.23,29.07,29.19,29.26,29.33,29.03,28.8,28.84,28.65,28.97,29.8,29.76,29.16,28.78,29.52,29.48,29.41,29.03,29.73
Spis_ONLI_445,Spis-ONLI-445,Lizard,Lizard,ONLI_FR1S,-14.6912735,145.4693795,28.91,28.54,29.38,28.65,29.18,28.36,28.97,28.42,28.25,29.26,29.2,29.06,28.4,29.25,28.9,28.7,28.73,29.17,29.2,29.45,28.77,29.23,29.07,29.19,29.26,29.33,29.03,28.8,28.84,28.65,28.97,29.8,29.76,29.16,28.78,29.52,29.48,29.41,29.03,29.73
Spis_ONLI_448,Spis-ONLI-448,Lizard,Lizard,ONLI_FR1S,-14.6912735,145.4693795,28.91,28.54,29.38,28.65,29.18,28.36,28.97,28.42,28.25,29.26,29.2,29.06,28.4,29.25,28.9,28.7,28.73,29.17,29.2,29.45,28.77,29.23,29.07,29.19,29.26,29.33,29.03,28.8,28.84,28.65,28.97,29.8,29.76,29.16,28.78,29.52,29.48,29.41,29.03,29.73
Spis_ONLI_792,Spis-ONLI-792,Lizard,Lizard,ONLI_FR1S,-14.6912735,145.4693795,28.91,28.54,29.38,28.65,29.18,28.36,28.97,28.42,28.25,29.26,29.2,29.06,28.4,29.25,28.9,28.7,28.73,29.17,29.2,29.45,28.77,29.23,29.07,29.19,29.26,29.33,29.03,28.8,28.84,28.65,28.97,29.8,29.76,29.16,28.78,29.52,29.48,29.41,29.03,29.73
Spis_ONLI_793,Spis-ONLI-793,Lizard,Lizard,ONLI_FR1S,-14.6912735,145.4693795,28.91,28.54,29.38,28.65,29.18,28.36,28.97,28.42,28.25,29.26,29.2,29.06,28.4,29.25,28.9,28.7,28.73,29.17,29.2,29.45,28.77,29.23,29.07,29.19,29.26,29.33,29.03,28.8,28.84,28.65,28.97,29.8,29.76,29.16,28.78,29.52,29.48,29.41,29.03,29.73
Spis_ONLI_798,Spis-ONLI-798,Lizard,Lizard,ONLI_FR1S,-14.6912735,145.4693795,28.91,28.54,29.38,28.65,29.18,28.36,28.97,28.42,28.25,29.26,29.2,29.06,28.4,29.25,28.9,28.7,28.73,29.17,29.2,29.45,28.77,29.23,29.07,29.19,29.26,29.33,29.03,28.8,28.84,28.65,28.97,29.8,29.76,29.16,28.78,29.52,29.48,29.41,29.03,29.73
Spis_ONLI_465,Spis-ONLI-465,Lizard,Lizard,ONLI_FR2S,-14.649439,145.492935,28.94,28.53,29.35,28.66,29.2,28.32,28.96,28.44,28.22,29.23,29.22,29.09,28.39,29.22,28.91,28.71,28.73,29.13,29.19,29.46,28.77,29.24,29.06,29.2,29.27,29.38,29.05,28.81,28.86,28.66,28.97,29.82,29.74,29.14,28.77,29.51,29.5,29.41,29.03,29.71
Spis_ONLI_467,Spis-ONLI-467,Lizard,Lizard,ONLI_FR2S,-14.649439,145.492935,28.94,28.53,29.35,28.66,29.2,28.32,28.96,28.44,28.22,29.23,29.22,29.09,28.39,29.22,28.91,28.71,28.73,29.13,29.19,29.46,28.77,29.24,29.06,29.2,29.27,29.38,29.05,28.81,28.86,28.66,28.97,29.82,29.74,29.14,28.77,29.51,29.5,29.41,29.03,29.71
Spis_ONLI_468,Spis-ONLI-468,Lizard,Lizard,ONLI_FR2S,-14.649439,145.492935,28.94,28.53,29.35,28.66,29.2,28.32,28.96,28.44,28.22,29.23,29.22,29.09,28.39,29.22,28.91,28.71,28.73,29.13,29.19,29.46,28.77,29.24,29.06,29.2,29.27,29.38,29.05,28.81,28.86,28.66,28.97,29.82,29.74,29.14,28.77,29.51,29.5,29.41,29.03,29.71
Spis_ONLI_817,Spis-ONLI-817,Lizard,Lizard,ONLI_FR2S,-14.649439,145.492935,28.94,28.53,29.35,28.66,29.2,28.32,28.96,28.44,28.22,29.23,29.22,29.09,28.39,29.22,28.91,28.71,28.73,29.13,29.19,29.46,28.77,29.24,29.06,29.2,29.27,29.38,29.05,28.81,28.86,28.66,28.97,29.82,29.74,29.14,28.77,29.51,29.5,29.41,29.03,29.71
Spis_ONLI_820,Spis-ONLI-820,Lizard,Lizard,ONLI_FR2S,-14.649439,145.492935,28.94,28.53,29.35,28.66,29.2,28.32,28.96,28.44,28.22,29.23,29.22,29.09,28.39,29.22,28.91,28.71,28.73,29.13,29.19,29.46,28.77,29.24,29.06,29.2,29.27,29.38,29.05,28.81,28.86,28.66,28.97,29.82,29.74,29.14,28.77,29.51,29.5,29.41,29.03,29.71
Spis_ONLI_822,Spis-ONLI-822,Lizard,Lizard,ONLI_FR2S,-14.649439,145.492935,28.94,28.53,29.35,28.66,29.2,28.32,28.96,28.44,28.22,29.23,29.22,29.09,28.39,29.22,28.91,28.71,28.73,29.13,29.19,29.46,28.77,29.24,29.06,29.2,29.27,29.38,29.05,28.81,28.86,28.66,28.97,29.82,29.74,29.14,28.77,29.51,29.5,29.41,29.03,29.71
Spis_ONLI_823,Spis-ONLI-823,Lizard,Lizard,ONLI_FR2S,-14.649439,145.492935,28.94,28.53,29.35,28.66,29.2,28.32,28.96,28.44,28.22,29.23,29.22,29.09,28.39,29.22,28.91,28.71,28.73,29.13,29.19,29.46,28.77,29.24,29.06,29.2,29.27,29.38,29.05,28.81,28.86,28.66,28.97,29.82,29.74,29.14,28.77,29.51,29.5,29.41,29.03,29.71
Spis_ONMO_414,Spis-ONMO-414,Moore,Moore,ONMO_BA2D,-16.881947,146.1837795,28.71,28.79,29.73,28.61,29.1,28.6,28.64,28.74,28.26,29.27,29.58,29,28.54,29.26,29.23,28.21,29,29.3,29.17,29.23,29.12,29.47,28.69,29.23,29.31,29.19,29.24,29.31,29.47,28.67,29.1,29.71,29.86,29.1,29.03,29.83,29.29,29.41,29.16,29.78
Spis_ONMO_415,Spis-ONMO-415,Moore,Moore,ONMO_BA2D,-16.881947,146.1837795,28.71,28.79,29.73,28.61,29.1,28.6,28.64,28.74,28.26,29.27,29.58,29,28.54,29.26,29.23,28.21,29,29.3,29.17,29.23,29.12,29.47,28.69,29.23,29.31,29.19,29.24,29.31,29.47,28.67,29.1,29.71,29.86,29.1,29.03,29.83,29.29,29.41,29.16,29.78
Spis_ONMO_416,Spis-ONMO-416,Moore,Moore,ONMO_BA2D,-16.881947,146.1837795,28.71,28.79,29.73,28.61,29.1,28.6,28.64,28.74,28.26,29.27,29.58,29,28.54,29.26,29.23,28.21,29,29.3,29.17,29.23,29.12,29.47,28.69,29.23,29.31,29.19,29.24,29.31,29.47,28.67,29.1,29.71,29.86,29.1,29.03,29.83,29.29,29.41,29.16,29.78
Spis_ONMO_419,Spis-ONMO-419,Moore,Moore,ONMO_BA2D,-16.881947,146.1837795,28.71,28.79,29.73,28.61,29.1,28.6,28.64,28.74,28.26,29.27,29.58,29,28.54,29.26,29.23,28.21,29,29.3,29.17,29.23,29.12,29.47,28.69,29.23,29.31,29.19,29.24,29.31,29.47,28.67,29.1,29.71,29.86,29.1,29.03,29.83,29.29,29.41,29.16,29.78
Spis_ONMO_427,Spis-ONMO-427,Moore,Moore,ONMO_BA2S,-16.8820015,146.183993,28.71,28.79,29.73,28.61,29.1,28.6,28.64,28.74,28.26,29.27,29.58,29,28.54,29.26,29.23,28.21,29,29.3,29.17,29.23,29.12,29.47,28.69,29.23,29.31,29.19,29.24,29.31,29.47,28.67,29.1,29.71,29.86,29.1,29.03,29.83,29.29,29.41,29.16,29.78
Spis_ONMO_403,Spis-ONMO-403,Moore,Moore,ONMO_BA1D,-16.8471725,146.2174315,28.74,28.75,29.74,28.55,29.08,28.58,28.64,28.76,28.19,29.23,29.46,29.01,28.53,29.13,29.2,28.22,29.05,29.33,29.18,29.26,29.1,29.42,28.66,29.19,29.33,29.18,29.26,29.25,29.41,28.68,29.09,29.74,29.86,29.09,29.02,29.82,29.3,29.42,29.15,29.76
Spis_ONMO_404,Spis-ONMO-404,Moore,Moore,ONMO_BA1D,-16.8471725,146.2174315,28.74,28.75,29.74,28.55,29.08,28.58,28.64,28.76,28.19,29.23,29.46,29.01,28.53,29.13,29.2,28.22,29.05,29.33,29.18,29.26,29.1,29.42,28.66,29.19,29.33,29.18,29.26,29.25,29.41,28.68,29.09,29.74,29.86,29.09,29.02,29.82,29.3,29.42,29.15,29.76
Spis_ONMO_408,Spis-ONMO-408,Moore,Moore,ONMO_BA1D,-16.8471725,146.2174315,28.74,28.75,29.74,28.55,29.08,28.58,28.64,28.76,28.19,29.23,29.46,29.01,28.53,29.13,29.2,28.22,29.05,29.33,29.18,29.26,29.1,29.42,28.66,29.19,29.33,29.18,29.26,29.25,29.41,28.68,29.09,29.74,29.86,29.09,29.02,29.82,29.3,29.42,29.15,29.76
Spis_ONMO_410,Spis-ONMO-410,Moore,Moore,ONMO_BA1D,-16.8471725,146.2174315,28.74,28.75,29.74,28.55,29.08,28.58,28.64,28.76,28.19,29.23,29.46,29.01,28.53,29.13,29.2,28.22,29.05,29.33,29.18,29.26,29.1,29.42,28.66,29.19,29.33,29.18,29.26,29.25,29.41,28.68,29.09,29.74,29.86,29.09,29.02,29.82,29.3,29.42,29.15,29.76
Spis_ONMO_412,Spis-ONMO-412,Moore,Moore,ONMO_BA1D,-16.8471725,146.2174315,28.74,28.75,29.74,28.55,29.08,28.58,28.64,28.76,28.19,29.23,29.46,29.01,28.53,29.13,29.2,28.22,29.05,29.33,29.18,29.26,29.1,29.42,28.66,29.19,29.33,29.18,29.26,29.25,29.41,28.68,29.09,29.74,29.86,29.09,29.02,29.82,29.3,29.42,29.15,29.76
Spis_MOOR_383,Spis-MOOR-383,Moore,Moore,ONMO_LA1S,-16.859841,146.2256785,28.73,28.78,29.74,28.57,29.07,28.59,28.63,28.73,28.2,29.23,29.52,28.99,28.55,29.19,29.22,28.21,29.01,29.31,29.17,29.25,29.1,29.44,28.67,29.22,29.31,29.19,29.26,29.28,29.45,28.67,29.1,29.71,29.86,29.08,29.03,29.82,29.29,29.41,29.15,29.77
Spis_ONMO_381,Spis-ONMO-381,Moore,Moore,ONMO_LA1S,-16.859841,146.2256785,28.73,28.78,29.74,28.57,29.07,28.59,28.63,28.73,28.2,29.23,29.52,28.99,28.55,29.19,29.22,28.21,29.01,29.31,29.17,29.25,29.1,29.44,28.67,29.22,29.31,29.19,29.26,29.28,29.45,28.67,29.1,29.71,29.86,29.08,29.03,29.82,29.29,29.41,29.15,29.77
Spis_ONMO_382,Spis-ONMO-382,Moore,Moore,ONMO_LA1S,-16.859841,146.2256785,28.73,28.78,29.74,28.57,29.07,28.59,28.63,28.73,28.2,29.23,29.52,28.99,28.55,29.19,29.22,28.21,29.01,29.31,29.17,29.25,29.1,29.44,28.67,29.22,29.31,29.19,29.26,29.28,29.45,28.67,29.1,29.71,29.86,29.08,29.03,29.82,29.29,29.41,29.15,29.77
Spis_ONMO_385,Spis-ONMO-385,Moore,Moore,ONMO_LA1S,-16.859841,146.2256785,28.73,28.78,29.74,28.57,29.07,28.59,28.63,28.73,28.2,29.23,29.52,28.99,28.55,29.19,29.22,28.21,29.01,29.31,29.17,29.25,29.1,29.44,28.67,29.22,29.31,29.19,29.26,29.28,29.45,28.67,29.1,29.71,29.86,29.08,29.03,29.82,29.29,29.41,29.15,29.77
Spis_ONMO_386,Spis-ONMO-386,Moore,Moore,ONMO_LA1S,-16.859841,146.2256785,28.73,28.78,29.74,28.57,29.07,28.59,28.63,28.73,28.2,29.23,29.52,28.99,28.55,29.19,29.22,28.21,29.01,29.31,29.17,29.25,29.1,29.44,28.67,29.22,29.31,29.19,29.26,29.28,29.45,28.67,29.1,29.71,29.86,29.08,29.03,29.82,29.29,29.41,29.15,29.77
Spis_MOOR_394,Spis-MOOR-394,Moore,Moore,ONMO_LA1D,-16.8599245,146.2257455,28.73,28.78,29.74,28.57,29.07,28.59,28.63,28.73,28.2,29.23,29.52,28.99,28.55,29.19,29.22,28.21,29.01,29.31,29.17,29.25,29.1,29.44,28.67,29.22,29.31,29.19,29.26,29.28,29.45,28.67,29.1,29.71,29.86,29.08,29.03,29.82,29.29,29.41,29.15,29.77
Spis_ONMO_393,Spis-ONMO-393,Moore,Moore,ONMO_LA1D,-16.8599245,146.2257455,28.73,28.78,29.74,28.57,29.07,28.59,28.63,28.73,28.2,29.23,29.52,28.99,28.55,29.19,29.22,28.21,29.01,29.31,29.17,29.25,29.1,29.44,28.67,29.22,29.31,29.19,29.26,29.28,29.45,28.67,29.1,29.71,29.86,29.08,29.03,29.82,29.29,29.41,29.15,29.77
Spis_ONMO_395,Spis-ONMO-395,Moore,Moore,ONMO_LA1D,-16.8599245,146.2257455,28.73,28.78,29.74,28.57,29.07,28.59,28.63,28.73,28.2,29.23,29.52,28.99,28.55,29.19,29.22,28.21,29.01,29.31,29.17,29.25,29.1,29.44,28.67,29.22,29.31,29.19,29.26,29.28,29.45,28.67,29.1,29.71,29.86,29.08,29.03,29.82,29.29,29.41,29.15,29.77
Spis_ONMO_396,Spis-ONMO-396,Moore,Moore,ONMO_LA1D,-16.8599245,146.2257455,28.73,28.78,29.74,28.57,29.07,28.59,28.63,28.73,28.2,29.23,29.52,28.99,28.55,29.19,29.22,28.21,29.01,29.31,29.17,29.25,29.1,29.44,28.67,29.22,29.31,29.19,29.26,29.28,29.45,28.67,29.1,29.71,29.86,29.08,29.03,29.82,29.29,29.41,29.15,29.77
Spis_ONMO_360,Spis-ONMO-360,Moore,Moore,ONMO_FR2S,-16.882674,146.244602,28.73,28.78,29.74,28.57,29.07,28.59,28.63,28.73,28.2,29.23,29.52,28.99,28.55,29.19,29.22,28.21,29.01,29.31,29.17,29.25,29.1,29.44,28.67,29.22,29.31,29.19,29.26,29.28,29.45,28.67,29.1,29.71,29.86,29.08,29.03,29.82,29.29,29.41,29.15,29.77
Spis_ONMO_362,Spis-ONMO-362,Moore,Moore,ONMO_FR2S,-16.882674,146.244602,28.73,28.78,29.74,28.57,29.07,28.59,28.63,28.73,28.2,29.23,29.52,28.99,28.55,29.19,29.22,28.21,29.01,29.31,29.17,29.25,29.1,29.44,28.67,29.22,29.31,29.19,29.26,29.28,29.45,28.67,29.1,29.71,29.86,29.08,29.03,29.82,29.29,29.41,29.15,29.77
Spis_ONMO_363,Spis-ONMO-363,Moore,Moore,ONMO_FR2S,-16.882674,146.244602,28.73,28.78,29.74,28.57,29.07,28.59,28.63,28.73,28.2,29.23,29.52,28.99,28.55,29.19,29.22,28.21,29.01,29.31,29.17,29.25,29.1,29.44,28.67,29.22,29.31,29.19,29.26,29.28,29.45,28.67,29.1,29.71,29.86,29.08,29.03,29.82,29.29,29.41,29.15,29.77
Spis_ONMO_364,Spis-ONMO-364,Moore,Moore,ONMO_FR2S,-16.882674,146.244602,28.73,28.78,29.74,28.57,29.07,28.59,28.63,28.73,28.2,29.23,29.52,28.99,28.55,29.19,29.22,28.21,29.01,29.31,29.17,29.25,29.1,29.44,28.67,29.22,29.31,29.19,29.26,29.28,29.45,28.67,29.1,29.71,29.86,29.08,29.03,29.82,29.29,29.41,29.15,29.77
Spis_ONMO_347,Spis-ONMO-347,Moore,Moore,ONMO_FR2D,-16.8830355,146.244797,28.73,28.78,29.74,28.57,29.07,28.59,28.63,28.73,28.2,29.23,29.52,28.99,28.55,29.19,29.22,28.21,29.01,29.31,29.17,29.25,29.1,29.44,28.67,29.22,29.31,29.19,29.26,29.28,29.45,28.67,29.1,29.71,29.86,29.08,29.03,29.82,29.29,29.41,29.15,29.77
Spis_ONMO_348,Spis-ONMO-348,Moore,Moore,ONMO_FR2D,-16.8830355,146.244797,28.73,28.78,29.74,28.57,29.07,28.59,28.63,28.73,28.2,29.23,29.52,28.99,28.55,29.19,29.22,28.21,29.01,29.31,29.17,29.25,29.1,29.44,28.67,29.22,29.31,29.19,29.26,29.28,29.45,28.67,29.1,29.71,29.86,29.08,29.03,29.82,29.29,29.41,29.15,29.77
Spis_ONMO_349,Spis-ONMO-349,Moore,Moore,ONMO_FR2D,-16.8830355,146.244797,28.73,28.78,29.74,28.57,29.07,28.59,28.63,28.73,28.2,29.23,29.52,28.99,28.55,29.19,29.22,28.21,29.01,29.31,29.17,29.25,29.1,29.44,28.67,29.22,29.31,29.19,29.26,29.28,29.45,28.67,29.1,29.71,29.86,29.08,29.03,29.82,29.29,29.41,29.15,29.77
Spis_ONMO_350,Spis-ONMO-350,Moore,Moore,ONMO_FR2D,-16.8830355,146.244797,28.73,28.78,29.74,28.57,29.07,28.59,28.63,28.73,28.2,29.23,29.52,28.99,28.55,29.19,29.22,28.21,29.01,29.31,29.17,29.25,29.1,29.44,28.67,29.22,29.31,29.19,29.26,29.28,29.45,28.67,29.1,29.71,29.86,29.08,29.03,29.82,29.29,29.41,29.15,29.77
Spis_ONMO_351,Spis-ONMO-351,Moore,Moore,ONMO_FR2D,-16.8830355,146.244797,28.73,28.78,29.74,28.57,29.07,28.59,28.63,28.73,28.2,29.23,29.52,28.99,28.55,29.19,29.22,28.21,29.01,29.31,29.17,29.25,29.1,29.44,28.67,29.22,29.31,29.19,29.26,29.28,29.45,28.67,29.1,29.71,29.86,29.08,29.03,29.82,29.29,29.41,29.15,29.77
Spis_ONMO_342,Spis-ONMO-342,Moore,Moore,ONMO_FR1S,-16.872041,146.2536145,28.76,28.77,29.74,28.53,29.04,28.58,28.62,28.73,28.12,29.19,29.47,28.99,28.57,29.13,29.2,28.2,29.02,29.32,29.17,29.27,29.09,29.41,28.66,29.21,29.32,29.19,29.28,29.26,29.42,28.68,29.09,29.71,29.86,29.06,29.04,29.81,29.29,29.41,29.14,29.76
Spis_ONMO_327,Spis-ONMO-327,Moore,Moore,ONMO_FR1D,-16.872083,146.2536695,28.76,28.77,29.74,28.53,29.04,28.58,28.62,28.73,28.12,29.19,29.47,28.99,28.57,29.13,29.2,28.2,29.02,29.32,29.17,29.27,29.09,29.41,28.66,29.21,29.32,29.19,29.28,29.26,29.42,28.68,29.09,29.71,29.86,29.06,29.04,29.81,29.29,29.41,29.14,29.76
Spis_ONMO_328,Spis-ONMO-328,Moore,Moore,ONMO_FR1D,-16.872083,146.2536695,28.76,28.77,29.74,28.53,29.04,28.58,28.62,28.73,28.12,29.19,29.47,28.99,28.57,29.13,29.2,28.2,29.02,29.32,29.17,29.27,29.09,29.41,28.66,29.21,29.32,29.19,29.28,29.26,29.42,28.68,29.09,29.71,29.86,29.06,29.04,29.81,29.29,29.41,29.14,29.76
Spis_ONMO_333,Spis-ONMO-333,Moore,Moore,ONMO_FR1D,-16.872083,146.2536695,28.76,28.77,29.74,28.53,29.04,28.58,28.62,28.73,28.12,29.19,29.47,28.99,28.57,29.13,29.2,28.2,29.02,29.32,29.17,29.27,29.09,29.41,28.66,29.21,29.32,29.19,29.28,29.26,29.42,28.68,29.09,29.71,29.86,29.06,29.04,29.81,29.29,29.41,29.14,29.76
Spis_ONMO_334,Spis-ONMO-334,Moore,Moore,ONMO_FR1D,-16.872083,146.2536695,28.76,28.77,29.74,28.53,29.04,28.58,28.62,28.73,28.12,29.19,29.47,28.99,28.57,29.13,29.2,28.2,29.02,29.32,29.17,29.27,29.09,29.41,28.66,29.21,29.32,29.19,29.28,29.26,29.42,28.68,29.09,29.71,29.86,29.06,29.04,29.81,29.29,29.41,29.14,29.76
Spis_PAPE_541,Spis-PAPE-541,Pelorus,Pelorus,PAPE_BA1D,-18.55054,146.48822,28.87,28.85,29.69,28.96,29.05,28.68,28.72,28.98,28.55,29.79,29.77,29.15,28.52,30.14,29.21,28.25,28.96,29.45,29.1,29.13,29.36,29.56,28.5,29.27,29.09,29.11,29.24,29.5,29.44,28.67,29.27,29.67,29.92,29,28.56,30.09,29.45,29.62,29.24,29.96
Spis_PAPE_542,Spis-PAPE-542,Pelorus,Pelorus,PAPE_BA1D,-18.55054,146.48822,28.87,28.85,29.69,28.96,29.05,28.68,28.72,28.98,28.55,29.79,29.77,29.15,28.52,30.14,29.21,28.25,28.96,29.45,29.1,29.13,29.36,29.56,28.5,29.27,29.09,29.11,29.24,29.5,29.44,28.67,29.27,29.67,29.92,29,28.56,30.09,29.45,29.62,29.24,29.96
Spis_PAPE_543,Spis-PAPE-543,Pelorus,Pelorus,PAPE_BA1D,-18.55054,146.48822,28.87,28.85,29.69,28.96,29.05,28.68,28.72,28.98,28.55,29.79,29.77,29.15,28.52,30.14,29.21,28.25,28.96,29.45,29.1,29.13,29.36,29.56,28.5,29.27,29.09,29.11,29.24,29.5,29.44,28.67,29.27,29.67,29.92,29,28.56,30.09,29.45,29.62,29.24,29.96
Spis_PAPE_566,Spis-PAPE-566,Pelorus,Pelorus,PAPE_BA2D,-18.54083,146.48846,28.86,28.85,29.69,28.91,29.05,28.69,28.71,28.92,28.54,29.67,29.78,29.16,28.53,30.08,29.23,28.25,29,29.42,29.09,29.13,29.35,29.52,28.49,29.28,29.09,29.12,29.23,29.5,29.43,28.67,29.27,29.65,29.92,28.97,28.53,30.06,29.42,29.61,29.22,29.94
Spis_PAPE_558,Spis-PAPE-558,Pelorus,Pelorus,PAPE_BA2S,-18.54103,146.48862,28.86,28.85,29.69,28.91,29.05,28.69,28.71,28.92,28.54,29.67,29.78,29.16,28.53,30.08,29.23,28.25,29,29.42,29.09,29.13,29.35,29.52,28.49,29.28,29.09,29.12,29.23,29.5,29.43,28.67,29.27,29.65,29.92,28.97,28.53,30.06,29.42,29.61,29.22,29.94
Spis_PAPE_562,Spis-PAPE-562,Pelorus,Pelorus,PAPE_BA2S,-18.54103,146.48862,28.86,28.85,29.69,28.91,29.05,28.69,28.71,28.92,28.54,29.67,29.78,29.16,28.53,30.08,29.23,28.25,29,29.42,29.09,29.13,29.35,29.52,28.49,29.28,29.09,29.12,29.23,29.5,29.43,28.67,29.27,29.65,29.92,28.97,28.53,30.06,29.42,29.61,29.22,29.94
Spis_PAPE_564,Spis-PAPE-564,Pelorus,Pelorus,PAPE_BA2S,-18.54103,146.48862,28.86,28.85,29.69,28.91,29.05,28.69,28.71,28.92,28.54,29.67,29.78,29.16,28.53,30.08,29.23,28.25,29,29.42,29.09,29.13,29.35,29.52,28.49,29.28,29.09,29.12,29.23,29.5,29.43,28.67,29.27,29.65,29.92,28.97,28.53,30.06,29.42,29.61,29.22,29.94
Spis_PAOR_545,Spis-PAOR-545,Pelorus,Pelorus,PAOR_FL1D,-18.57151,146.49538,28.87,28.85,29.69,28.96,29.05,28.68,28.72,28.98,28.55,29.79,29.77,29.15,28.52,30.14,29.21,28.25,28.96,29.45,29.1,29.13,29.36,29.56,28.5,29.27,29.09,29.11,29.24,29.5,29.44,28.67,29.27,29.67,29.92,29,28.56,30.09,29.45,29.62,29.24,29.96
Spis_PAOR_548,Spis-PAOR-548,Pelorus,Pelorus,PAOR_FL1D,-18.57151,146.49538,28.87,28.85,29.69,28.96,29.05,28.68,28.72,28.98,28.55,29.79,29.77,29.15,28.52,30.14,29.21,28.25,28.96,29.45,29.1,29.13,29.36,29.56,28.5,29.27,29.09,29.11,29.24,29.5,29.44,28.67,29.27,29.67,29.92,29,28.56,30.09,29.45,29.62,29.24,29.96
Spis_PAOR_550,Spis-PAOR-550,Pelorus,Pelorus,PAOR_FL1D,-18.57151,146.49538,28.87,28.85,29.69,28.96,29.05,28.68,28.72,28.98,28.55,29.79,29.77,29.15,28.52,30.14,29.21,28.25,28.96,29.45,29.1,29.13,29.36,29.56,28.5,29.27,29.09,29.11,29.24,29.5,29.44,28.67,29.27,29.67,29.92,29,28.56,30.09,29.45,29.62,29.24,29.96
Spis_PAOR_551,Spis-PAOR-551,Pelorus,Pelorus,PAOR_FL1D,-18.57151,146.49538,28.87,28.85,29.69,28.96,29.05,28.68,28.72,28.98,28.55,29.79,29.77,29.15,28.52,30.14,29.21,28.25,28.96,29.45,29.1,29.13,29.36,29.56,28.5,29.27,29.09,29.11,29.24,29.5,29.44,28.67,29.27,29.67,29.92,29,28.56,30.09,29.45,29.62,29.24,29.96
Spis_PAPE_528,Spis-PAPE-528,Pelorus,Pelorus,PAPE_FR1D,-18.53935,146.4995,28.86,28.85,29.69,28.91,29.05,28.69,28.71,28.92,28.54,29.67,29.78,29.16,28.53,30.08,29.23,28.25,29,29.42,29.09,29.13,29.35,29.52,28.49,29.28,29.09,29.12,29.23,29.5,29.43,28.67,29.27,29.65,29.92,28.97,28.53,30.06,29.42,29.61,29.22,29.94
Spis_PAPE_529,Spis-PAPE-529,Pelorus,Pelorus,PAPE_FR1D,-18.53935,146.4995,28.86,28.85,29.69,28.91,29.05,28.69,28.71,28.92,28.54,29.67,29.78,29.16,28.53,30.08,29.23,28.25,29,29.42,29.09,29.13,29.35,29.52,28.49,29.28,29.09,29.12,29.23,29.5,29.43,28.67,29.27,29.65,29.92,28.97,28.53,30.06,29.42,29.61,29.22,29.94
Spis_PAPE_530,Spis-PAPE-530,Pelorus,Pelorus,PAPE_FR1D,-18.53935,146.4995,28.86,28.85,29.69,28.91,29.05,28.69,28.71,28.92,28.54,29.67,29.78,29.16,28.53,30.08,29.23,28.25,29,29.42,29.09,29.13,29.35,29.52,28.49,29.28,29.09,29.12,29.23,29.5,29.43,28.67,29.27,29.65,29.92,28.97,28.53,30.06,29.42,29.61,29.22,29.94
Spis_PAPE_531,Spis-PAPE-531,Pelorus,Pelorus,PAPE_FR1D,-18.53935,146.4995,28.86,28.85,29.69,28.91,29.05,28.69,28.71,28.92,28.54,29.67,29.78,29.16,28.53,30.08,29.23,28.25,29,29.42,29.09,29.13,29.35,29.52,28.49,29.28,29.09,29.12,29.23,29.5,29.43,28.67,29.27,29.65,29.92,28.97,28.53,30.06,29.42,29.61,29.22,29.94
Spis_PAPE_532,Spis-PAPE-532,Pelorus,Pelorus,PAPE_FR1D,-18.53935,146.4995,28.86,28.85,29.69,28.91,29.05,28.69,28.71,28.92,28.54,29.67,29.78,29.16,28.53,30.08,29.23,28.25,29,29.42,29.09,29.13,29.35,29.52,28.49,29.28,29.09,29.12,29.23,29.5,29.43,28.67,29.27,29.65,29.92,28.97,28.53,30.06,29.42,29.61,29.22,29.94
Spis_PAPE_533,Spis-PAPE-533,Pelorus,Pelorus,PAPE_FR1D,-18.53935,146.4995,28.86,28.85,29.69,28.91,29.05,28.69,28.71,28.92,28.54,29.67,29.78,29.16,28.53,30.08,29.23,28.25,29,29.42,29.09,29.13,29.35,29.52,28.49,29.28,29.09,29.12,29.23,29.5,29.43,28.67,29.27,29.65,29.92,28.97,28.53,30.06,29.42,29.61,29.22,29.94
Spis_PAPE_535,Spis-PAPE-535,Pelorus,Pelorus,PAPE_FR1D,-18.53935,146.4995,28.86,28.85,29.69,28.91,29.05,28.69,28.71,28.92,28.54,29.67,29.78,29.16,28.53,30.08,29.23,28.25,29,29.42,29.09,29.13,29.35,29.52,28.49,29.28,29.09,29.12,29.23,29.5,29.43,28.67,29.27,29.65,29.92,28.97,28.53,30.06,29.42,29.61,29.22,29.94
Spis_PAPE_538,Spis-PAPE-538,Pelorus,Pelorus,PAPE_FR1D,-18.53935,146.4995,28.86,28.85,29.69,28.91,29.05,28.69,28.71,28.92,28.54,29.67,29.78,29.16,28.53,30.08,29.23,28.25,29,29.42,29.09,29.13,29.35,29.52,28.49,29.28,29.09,29.12,29.23,29.5,29.43,28.67,29.27,29.65,29.92,28.97,28.53,30.06,29.42,29.61,29.22,29.94
Spis_PAPE_539,Spis-PAPE-539,Pelorus,Pelorus,PAPE_FR1D,-18.53935,146.4995,28.86,28.85,29.69,28.91,29.05,28.69,28.71,28.92,28.54,29.67,29.78,29.16,28.53,30.08,29.23,28.25,29,29.42,29.09,29.13,29.35,29.52,28.49,29.28,29.09,29.12,29.23,29.5,29.43,28.67,29.27,29.65,29.92,28.97,28.53,30.06,29.42,29.61,29.22,29.94
Spis_PAPE_540,Spis-PAPE-540,Pelorus,Pelorus,PAPE_FR1D,-18.53935,146.4995,28.86,28.85,29.69,28.91,29.05,28.69,28.71,28.92,28.54,29.67,29.78,29.16,28.53,30.08,29.23,28.25,29,29.42,29.09,29.13,29.35,29.52,28.49,29.28,29.09,29.12,29.23,29.5,29.43,28.67,29.27,29.65,29.92,28.97,28.53,30.06,29.42,29.61,29.22,29.94
BLCH10A,BLCH10A,OffshoreCentral,Davies,OCDA_BA1S,-18.8259,147.62727,28.49,28.67,29.49,28.28,28.5,28.14,28.45,28.29,27.92,28.95,29.11,28.61,28.2,29.16,28.7,27.9,28.84,29.17,28.59,29.04,28.9,28.94,28.01,28.76,28.9,28.77,29.01,29.05,28.82,28.45,28.96,29.25,29.32,28.7,28.37,29.63,28.84,29.28,28.96,29.29
BLCH11A,BLCH11A,OffshoreCentral,Davies,OCDA_BA1S,-18.8259,147.62727,28.49,28.67,29.49,28.28,28.5,28.14,28.45,28.29,27.92,28.95,29.11,28.61,28.2,29.16,28.7,27.9,28.84,29.17,28.59,29.04,28.9,28.94,28.01,28.76,28.9,28.77,29.01,29.05,28.82,28.45,28.96,29.25,29.32,28.7,28.37,29.63,28.84,29.28,28.96,29.29
BLCH16A,BLCH16A,OffshoreCentral,Davies,OCDA_BA1S,-18.8259,147.62727,28.49,28.67,29.49,28.28,28.5,28.14,28.45,28.29,27.92,28.95,29.11,28.61,28.2,29.16,28.7,27.9,28.84,29.17,28.59,29.04,28.9,28.94,28.01,28.76,28.9,28.77,29.01,29.05,28.82,28.45,28.96,29.25,29.32,28.7,28.37,29.63,28.84,29.28,28.96,29.29
BLCH20A,BLCH20A,OffshoreCentral,Davies,OCDA_BA1S,-18.8259,147.62727,28.49,28.67,29.49,28.28,28.5,28.14,28.45,28.29,27.92,28.95,29.11,28.61,28.2,29.16,28.7,27.9,28.84,29.17,28.59,29.04,28.9,28.94,28.01,28.76,28.9,28.77,29.01,29.05,28.82,28.45,28.96,29.25,29.32,28.7,28.37,29.63,28.84,29.28,28.96,29.29
BLCH9A,BLCH9A,OffshoreCentral,Davies,OCDA_BA1S,-18.8259,147.62727,28.49,28.67,29.49,28.28,28.5,28.14,28.45,28.29,27.92,28.95,29.11,28.61,28.2,29.16,28.7,27.9,28.84,29.17,28.59,29.04,28.9,28.94,28.01,28.76,28.9,28.77,29.01,29.05,28.82,28.45,28.96,29.25,29.32,28.7,28.37,29.63,28.84,29.28,28.96,29.29
Spis_OCDA_779,Spis-OCDA-779,OffshoreCentral,Davies,OCDA_BA1S,-18.8259,147.62727,28.49,28.67,29.49,28.28,28.5,28.14,28.45,28.29,27.92,28.95,29.11,28.61,28.2,29.16,28.7,27.9,28.84,29.17,28.59,29.04,28.9,28.94,28.01,28.76,28.9,28.77,29.01,29.05,28.82,28.45,28.96,29.25,29.32,28.7,28.37,29.63,28.84,29.28,28.96,29.29
Spis_OCDA_781,Spis-OCDA-781,OffshoreCentral,Davies,OCDA_BA1S,-18.8259,147.62727,28.49,28.67,29.49,28.28,28.5,28.14,28.45,28.29,27.92,28.95,29.11,28.61,28.2,29.16,28.7,27.9,28.84,29.17,28.59,29.04,28.9,28.94,28.01,28.76,28.9,28.77,29.01,29.05,28.82,28.45,28.96,29.25,29.32,28.7,28.37,29.63,28.84,29.28,28.96,29.29
Spis_OCDA_784,Spis-OCDA-784,OffshoreCentral,Davies,OCDA_BA1S,-18.8259,147.62727,28.49,28.67,29.49,28.28,28.5,28.14,28.45,28.29,27.92,28.95,29.11,28.61,28.2,29.16,28.7,27.9,28.84,29.17,28.59,29.04,28.9,28.94,28.01,28.76,28.9,28.77,29.01,29.05,28.82,28.45,28.96,29.25,29.32,28.7,28.37,29.63,28.84,29.28,28.96,29.29
Spis_OCDA_788,Spis-OCDA-788,OffshoreCentral,Davies,OCDA_BA1S,-18.8259,147.62727,28.49,28.67,29.49,28.28,28.5,28.14,28.45,28.29,27.92,28.95,29.11,28.61,28.2,29.16,28.7,27.9,28.84,29.17,28.59,29.04,28.9,28.94,28.01,28.76,28.9,28.77,29.01,29.05,28.82,28.45,28.96,29.25,29.32,28.7,28.37,29.63,28.84,29.28,28.96,29.29
BLCH4A,BLCH4A,OffshoreCentral,Davies,OCDA_BA1D,-18.82579,147.62735,28.49,28.67,29.49,28.28,28.5,28.14,28.45,28.29,27.92,28.95,29.11,28.61,28.2,29.16,28.7,27.9,28.84,29.17,28.59,29.04,28.9,28.94,28.01,28.76,28.9,28.77,29.01,29.05,28.82,28.45,28.96,29.25,29.32,28.7,28.37,29.63,28.84,29.28,28.96,29.29
Spis_OCDA_770,Spis-OCDA-770,OffshoreCentral,Davies,OCDA_BA1D,-18.82579,147.62735,28.49,28.67,29.49,28.28,28.5,28.14,28.45,28.29,27.92,28.95,29.11,28.61,28.2,29.16,28.7,27.9,28.84,29.17,28.59,29.04,28.9,28.94,28.01,28.76,28.9,28.77,29.01,29.05,28.82,28.45,28.96,29.25,29.32,28.7,28.37,29.63,28.84,29.28,28.96,29.29
Spis_OCDA_776,Spis-OCDA-776,OffshoreCentral,Davies,OCDA_BA1D,-18.82579,147.62735,28.49,28.67,29.49,28.28,28.5,28.14,28.45,28.29,27.92,28.95,29.11,28.61,28.2,29.16,28.7,27.9,28.84,29.17,28.59,29.04,28.9,28.94,28.01,28.76,28.9,28.77,29.01,29.05,28.82,28.45,28.96,29.25,29.32,28.7,28.37,29.63,28.84,29.28,28.96,29.29
Spis_OCDA_760,Spis-OCDA-760,OffshoreCentral,Davies,OCDA_LA2S,-18.83125,147.63316,28.49,28.67,29.49,28.28,28.5,28.14,28.45,28.29,27.92,28.95,29.11,28.61,28.2,29.16,28.7,27.9,28.84,29.17,28.59,29.04,28.9,28.94,28.01,28.76,28.9,28.77,29.01,29.05,28.82,28.45,28.96,29.25,29.32,28.7,28.37,29.63,28.84,29.28,28.96,29.29
Spis_OCDA_762,Spis-OCDA-762,OffshoreCentral,Davies,OCDA_LA2S,-18.83125,147.63316,28.49,28.67,29.49,28.28,28.5,28.14,28.45,28.29,27.92,28.95,29.11,28.61,28.2,29.16,28.7,27.9,28.84,29.17,28.59,29.04,28.9,28.94,28.01,28.76,28.9,28.77,29.01,29.05,28.82,28.45,28.96,29.25,29.32,28.7,28.37,29.63,28.84,29.28,28.96,29.29
Spis_OCDA_763,Spis-OCDA-763,OffshoreCentral,Davies,OCDA_LA2S,-18.83125,147.63316,28.49,28.67,29.49,28.28,28.5,28.14,28.45,28.29,27.92,28.95,29.11,28.61,28.2,29.16,28.7,27.9,28.84,29.17,28.59,29.04,28.9,28.94,28.01,28.76,28.9,28.77,29.01,29.05,28.82,28.45,28.96,29.25,29.32,28.7,28.37,29.63,28.84,29.28,28.96,29.29
Spis_OCDA_768,Spis-OCDA-768,OffshoreCentral,Davies,OCDA_LA2S,-18.83125,147.63316,28.49,28.67,29.49,28.28,28.5,28.14,28.45,28.29,27.92,28.95,29.11,28.61,28.2,29.16,28.7,27.9,28.84,29.17,28.59,29.04,28.9,28.94,28.01,28.76,28.9,28.77,29.01,29.05,28.82,28.45,28.96,29.25,29.32,28.7,28.37,29.63,28.84,29.28,28.96,29.29
BLCH105A,BLCH105A,OffshoreCentral,Davies,OCDA_LA1S,-18.833,147.63338,28.49,28.67,29.49,28.28,28.5,28.14,28.45,28.29,27.92,28.95,29.11,28.61,28.2,29.16,28.7,27.9,28.84,29.17,28.59,29.04,28.9,28.94,28.01,28.76,28.9,28.77,29.01,29.05,28.82,28.45,28.96,29.25,29.32,28.7,28.37,29.63,28.84,29.28,28.96,29.29
BLCH107A,BLCH107A,OffshoreCentral,Davies,OCDA_LA1S,-18.833,147.63338,28.49,28.67,29.49,28.28,28.5,28.14,28.45,28.29,27.92,28.95,29.11,28.61,28.2,29.16,28.7,27.9,28.84,29.17,28.59,29.04,28.9,28.94,28.01,28.76,28.9,28.77,29.01,29.05,28.82,28.45,28.96,29.25,29.32,28.7,28.37,29.63,28.84,29.28,28.96,29.29
Spis_OCDA_740,Spis-OCDA-740,OffshoreCentral,Davies,OCDA_LA1S,-18.833,147.63338,28.49,28.67,29.49,28.28,28.5,28.14,28.45,28.29,27.92,28.95,29.11,28.61,28.2,29.16,28.7,27.9,28.84,29.17,28.59,29.04,28.9,28.94,28.01,28.76,28.9,28.77,29.01,29.05,28.82,28.45,28.96,29.25,29.32,28.7,28.37,29.63,28.84,29.28,28.96,29.29
Spis_OCDA_742,Spis-OCDA-742,OffshoreCentral,Davies,OCDA_LA1S,-18.833,147.63338,28.49,28.67,29.49,28.28,28.5,28.14,28.45,28.29,27.92,28.95,29.11,28.61,28.2,29.16,28.7,27.9,28.84,29.17,28.59,29.04,28.9,28.94,28.01,28.76,28.9,28.77,29.01,29.05,28.82,28.45,28.96,29.25,29.32,28.7,28.37,29.63,28.84,29.28,28.96,29.29
Spis_OCDA_743,Spis-OCDA-743,OffshoreCentral,Davies,OCDA_LA1S,-18.833,147.63338,28.49,28.67,29.49,28.28,28.5,28.14,28.45,28.29,27.92,28.95,29.11,28.61,28.2,29.16,28.7,27.9,28.84,29.17,28.59,29.04,28.9,28.94,28.01,28.76,28.9,28.77,29.01,29.05,28.82,28.45,28.96,29.25,29.32,28.7,28.37,29.63,28.84,29.28,28.96,29.29
Spis_OCDA_746,Spis-OCDA-746,OffshoreCentral,Davies,OCDA_LA1S,-18.833,147.63338,28.49,28.67,29.49,28.28,28.5,28.14,28.45,28.29,27.92,28.95,29.11,28.61,28.2,29.16,28.7,27.9,28.84,29.17,28.59,29.04,28.9,28.94,28.01,28.76,28.9,28.77,29.01,29.05,28.82,28.45,28.96,29.25,29.32,28.7,28.37,29.63,28.84,29.28,28.96,29.29
Spis_OCDA_748,Spis-OCDA-748,OffshoreCentral,Davies,OCDA_LA1S,-18.833,147.63338,28.49,28.67,29.49,28.28,28.5,28.14,28.45,28.29,27.92,28.95,29.11,28.61,28.2,29.16,28.7,27.9,28.84,29.17,28.59,29.04,28.9,28.94,28.01,28.76,28.9,28.77,29.01,29.05,28.82,28.45,28.96,29.25,29.32,28.7,28.37,29.63,28.84,29.28,28.96,29.29
Spis_OCDA_749,Spis-OCDA-749,OffshoreCentral,Davies,OCDA_LA1S,-18.833,147.63338,28.49,28.67,29.49,28.28,28.5,28.14,28.45,28.29,27.92,28.95,29.11,28.61,28.2,29.16,28.7,27.9,28.84,29.17,28.59,29.04,28.9,28.94,28.01,28.76,28.9,28.77,29.01,29.05,28.82,28.45,28.96,29.25,29.32,28.7,28.37,29.63,28.84,29.28,28.96,29.29
Spis_OCDA_752,Spis-OCDA-752,OffshoreCentral,Davies,OCDA_LA1S,-18.833,147.63338,28.49,28.67,29.49,28.28,28.5,28.14,28.45,28.29,27.92,28.95,29.11,28.61,28.2,29.16,28.7,27.9,28.84,29.17,28.59,29.04,28.9,28.94,28.01,28.76,28.9,28.77,29.01,29.05,28.82,28.45,28.96,29.25,29.32,28.7,28.37,29.63,28.84,29.28,28.96,29.29
Spis_OCDA_755,Spis-OCDA-755,OffshoreCentral,Davies,OCDA_LA1S,-18.833,147.63338,28.49,28.67,29.49,28.28,28.5,28.14,28.45,28.29,27.92,28.95,29.11,28.61,28.2,29.16,28.7,27.9,28.84,29.17,28.59,29.04,28.9,28.94,28.01,28.76,28.9,28.77,29.01,29.05,28.82,28.45,28.96,29.25,29.32,28.7,28.37,29.63,28.84,29.28,28.96,29.29
Spis_OCDA_757,Spis-OCDA-757,OffshoreCentral,Davies,OCDA_LA1S,-18.833,147.63338,28.49,28.67,29.49,28.28,28.5,28.14,28.45,28.29,27.92,28.95,29.11,28.61,28.2,29.16,28.7,27.9,28.84,29.17,28.59,29.04,28.9,28.94,28.01,28.76,28.9,28.77,29.01,29.05,28.82,28.45,28.96,29.25,29.32,28.7,28.37,29.63,28.84,29.28,28.96,29.29
Spis_OCDA_758,Spis-OCDA-758,OffshoreCentral,Davies,OCDA_LA1S,-18.833,147.63338,28.49,28.67,29.49,28.28,28.5,28.14,28.45,28.29,27.92,28.95,29.11,28.61,28.2,29.16,28.7,27.9,28.84,29.17,28.59,29.04,28.9,28.94,28.01,28.76,28.9,28.77,29.01,29.05,28.82,28.45,28.96,29.25,29.32,28.7,28.37,29.63,28.84,29.28,28.96,29.29
BLCH101A,BLCH101A,OffshoreCentral,Davies,OCDA_BA2S,-18.8145,147.6372,28.49,28.67,29.49,28.28,28.5,28.14,28.45,28.29,27.92,28.95,29.11,28.61,28.2,29.16,28.7,27.9,28.84,29.17,28.59,29.04,28.9,28.94,28.01,28.76,28.9,28.77,29.01,29.05,28.82,28.45,28.96,29.25,29.32,28.7,28.37,29.63,28.84,29.28,28.96,29.29
BLCH55A,BLCH55A,OffshoreCentral,Davies,OCDA_BA2S,-18.8145,147.6372,28.49,28.67,29.49,28.28,28.5,28.14,28.45,28.29,27.92,28.95,29.11,28.61,28.2,29.16,28.7,27.9,28.84,29.17,28.59,29.04,28.9,28.94,28.01,28.76,28.9,28.77,29.01,29.05,28.82,28.45,28.96,29.25,29.32,28.7,28.37,29.63,28.84,29.28,28.96,29.29
BLCH56A,BLCH56A,OffshoreCentral,Davies,OCDA_BA2S,-18.8145,147.6372,28.49,28.67,29.49,28.28,28.5,28.14,28.45,28.29,27.92,28.95,29.11,28.61,28.2,29.16,28.7,27.9,28.84,29.17,28.59,29.04,28.9,28.94,28.01,28.76,28.9,28.77,29.01,29.05,28.82,28.45,28.96,29.25,29.32,28.7,28.37,29.63,28.84,29.28,28.96,29.29
BLCH85A,BLCH85A,OffshoreCentral,Davies,OCDA_BA2S,-18.8145,147.6372,28.49,28.67,29.49,28.28,28.5,28.14,28.45,28.29,27.92,28.95,29.11,28.61,28.2,29.16,28.7,27.9,28.84,29.17,28.59,29.04,28.9,28.94,28.01,28.76,28.9,28.77,29.01,29.05,28.82,28.45,28.96,29.25,29.32,28.7,28.37,29.63,28.84,29.28,28.96,29.29
BLCH86A,BLCH86A,OffshoreCentral,Davies,OCDA_BA2S,-18.8145,147.6372,28.49,28.67,29.49,28.28,28.5,28.14,28.45,28.29,27.92,28.95,29.11,28.61,28.2,29.16,28.7,27.9,28.84,29.17,28.59,29.04,28.9,28.94,28.01,28.76,28.9,28.77,29.01,29.05,28.82,28.45,28.96,29.25,29.32,28.7,28.37,29.63,28.84,29.28,28.96,29.29
BLCH87A,BLCH87A,OffshoreCentral,Davies,OCDA_BA2S,-18.8145,147.6372,28.49,28.67,29.49,28.28,28.5,28.14,28.45,28.29,27.92,28.95,29.11,28.61,28.2,29.16,28.7,27.9,28.84,29.17,28.59,29.04,28.9,28.94,28.01,28.76,28.9,28.77,29.01,29.05,28.82,28.45,28.96,29.25,29.32,28.7,28.37,29.63,28.84,29.28,28.96,29.29
BLCH91A,BLCH91A,OffshoreCentral,Davies,OCDA_BA2S,-18.8145,147.6372,28.49,28.67,29.49,28.28,28.5,28.14,28.45,28.29,27.92,28.95,29.11,28.61,28.2,29.16,28.7,27.9,28.84,29.17,28.59,29.04,28.9,28.94,28.01,28.76,28.9,28.77,29.01,29.05,28.82,28.45,28.96,29.25,29.32,28.7,28.37,29.63,28.84,29.28,28.96,29.29
BLCH93A,BLCH93A,OffshoreCentral,Davies,OCDA_BA2S,-18.8145,147.6372,28.49,28.67,29.49,28.28,28.5,28.14,28.45,28.29,27.92,28.95,29.11,28.61,28.2,29.16,28.7,27.9,28.84,29.17,28.59,29.04,28.9,28.94,28.01,28.76,28.9,28.77,29.01,29.05,28.82,28.45,28.96,29.25,29.32,28.7,28.37,29.63,28.84,29.28,28.96,29.29
BLCH99A,BLCH99A,OffshoreCentral,Davies,OCDA_BA2S,-18.8145,147.6372,28.49,28.67,29.49,28.28,28.5,28.14,28.45,28.29,27.92,28.95,29.11,28.61,28.2,29.16,28.7,27.9,28.84,29.17,28.59,29.04,28.9,28.94,28.01,28.76,28.9,28.77,29.01,29.05,28.82,28.45,28.96,29.25,29.32,28.7,28.37,29.63,28.84,29.28,28.96,29.29
BLCH63A,BLCH63A,OffshoreCentral,Davies,OCDA_FR2S,-18.83187,147.6525,28.5,28.66,29.48,28.25,28.48,28.15,28.43,28.28,27.9,28.95,29.06,28.58,28.21,29.11,28.69,27.93,28.82,29.13,28.6,29.04,28.88,28.93,27.99,28.74,28.92,28.77,29,29.05,28.81,28.45,28.96,29.25,29.31,28.68,28.36,29.6,28.83,29.27,28.95,29.28
BLCH78A,BLCH78A,OffshoreCentral,Davies,OCDA_FR2S,-18.83187,147.6525,28.5,28.66,29.48,28.25,28.48,28.15,28.43,28.28,27.9,28.95,29.06,28.58,28.21,29.11,28.69,27.93,28.82,29.13,28.6,29.04,28.88,28.93,27.99,28.74,28.92,28.77,29,29.05,28.81,28.45,28.96,29.25,29.31,28.68,28.36,29.6,28.83,29.27,28.95,29.28
Spis_OCDA_588,Spis-OCDA-588,OffshoreCentral,Davies,OCDA_FR2S,-18.83187,147.6525,28.5,28.66,29.48,28.25,28.48,28.15,28.43,28.28,27.9,28.95,29.06,28.58,28.21,29.11,28.69,27.93,28.82,29.13,28.6,29.04,28.88,28.93,27.99,28.74,28.92,28.77,29,29.05,28.81,28.45,28.96,29.25,29.31,28.68,28.36,29.6,28.83,29.27,28.95,29.28
Spis_OCDA_589,Spis-OCDA-589,OffshoreCentral,Davies,OCDA_FR2S,-18.83187,147.6525,28.5,28.66,29.48,28.25,28.48,28.15,28.43,28.28,27.9,28.95,29.06,28.58,28.21,29.11,28.69,27.93,28.82,29.13,28.6,29.04,28.88,28.93,27.99,28.74,28.92,28.77,29,29.05,28.81,28.45,28.96,29.25,29.31,28.68,28.36,29.6,28.83,29.27,28.95,29.28
Spis_OCDA_593,Spis-OCDA-593,OffshoreCentral,Davies,OCDA_FR2S,-18.83187,147.6525,28.5,28.66,29.48,28.25,28.48,28.15,28.43,28.28,27.9,28.95,29.06,28.58,28.21,29.11,28.69,27.93,28.82,29.13,28.6,29.04,28.88,28.93,27.99,28.74,28.92,28.77,29,29.05,28.81,28.45,28.96,29.25,29.31,28.68,28.36,29.6,28.83,29.27,28.95,29.28
Spis_OCDA_594,Spis-OCDA-594,OffshoreCentral,Davies,OCDA_FR2S,-18.83187,147.6525,28.5,28.66,29.48,28.25,28.48,28.15,28.43,28.28,27.9,28.95,29.06,28.58,28.21,29.11,28.69,27.93,28.82,29.13,28.6,29.04,28.88,28.93,27.99,28.74,28.92,28.77,29,29.05,28.81,28.45,28.96,29.25,29.31,28.68,28.36,29.6,28.83,29.27,28.95,29.28
Spis_OCDA_595,Spis-OCDA-595,OffshoreCentral,Davies,OCDA_FR2S,-18.83187,147.6525,28.5,28.66,29.48,28.25,28.48,28.15,28.43,28.28,27.9,28.95,29.06,28.58,28.21,29.11,28.69,27.93,28.82,29.13,28.6,29.04,28.88,28.93,27.99,28.74,28.92,28.77,29,29.05,28.81,28.45,28.96,29.25,29.31,28.68,28.36,29.6,28.83,29.27,28.95,29.28
Spis_OCDA_570,Spis-OCDA-570,OffshoreCentral,Davies,OCDA_FR2D,-18.83191,147.65257,28.5,28.66,29.48,28.25,28.48,28.15,28.43,28.28,27.9,28.95,29.06,28.58,28.21,29.11,28.69,27.93,28.82,29.13,28.6,29.04,28.88,28.93,27.99,28.74,28.92,28.77,29,29.05,28.81,28.45,28.96,29.25,29.31,28.68,28.36,29.6,28.83,29.27,28.95,29.28
Spis_OCDA_573,Spis-OCDA-573,OffshoreCentral,Davies,OCDA_FR2D,-18.83191,147.65257,28.5,28.66,29.48,28.25,28.48,28.15,28.43,28.28,27.9,28.95,29.06,28.58,28.21,29.11,28.69,27.93,28.82,29.13,28.6,29.04,28.88,28.93,27.99,28.74,28.92,28.77,29,29.05,28.81,28.45,28.96,29.25,29.31,28.68,28.36,29.6,28.83,29.27,28.95,29.28
Spis_OCDA_576,Spis-OCDA-576,OffshoreCentral,Davies,OCDA_FR2D,-18.83191,147.65257,28.5,28.66,29.48,28.25,28.48,28.15,28.43,28.28,27.9,28.95,29.06,28.58,28.21,29.11,28.69,27.93,28.82,29.13,28.6,29.04,28.88,28.93,27.99,28.74,28.92,28.77,29,29.05,28.81,28.45,28.96,29.25,29.31,28.68,28.36,29.6,28.83,29.27,28.95,29.28
Spis_OCDA_577,Spis-OCDA-577,OffshoreCentral,Davies,OCDA_FR2D,-18.83191,147.65257,28.5,28.66,29.48,28.25,28.48,28.15,28.43,28.28,27.9,28.95,29.06,28.58,28.21,29.11,28.69,27.93,28.82,29.13,28.6,29.04,28.88,28.93,27.99,28.74,28.92,28.77,29,29.05,28.81,28.45,28.96,29.25,29.31,28.68,28.36,29.6,28.83,29.27,28.95,29.28
Spis_OCDA_579,Spis-OCDA-579,OffshoreCentral,Davies,OCDA_FR2D,-18.83191,147.65257,28.5,28.66,29.48,28.25,28.48,28.15,28.43,28.28,27.9,28.95,29.06,28.58,28.21,29.11,28.69,27.93,28.82,29.13,28.6,29.04,28.88,28.93,27.99,28.74,28.92,28.77,29,29.05,28.81,28.45,28.96,29.25,29.31,28.68,28.36,29.6,28.83,29.27,28.95,29.28
Spis_OCDA_581,Spis-OCDA-581,OffshoreCentral,Davies,OCDA_FR2D,-18.83191,147.65257,28.5,28.66,29.48,28.25,28.48,28.15,28.43,28.28,27.9,28.95,29.06,28.58,28.21,29.11,28.69,27.93,28.82,29.13,28.6,29.04,28.88,28.93,27.99,28.74,28.92,28.77,29,29.05,28.81,28.45,28.96,29.25,29.31,28.68,28.36,29.6,28.83,29.27,28.95,29.28
Spis_OCDA_582,Spis-OCDA-582,OffshoreCentral,Davies,OCDA_FR2D,-18.83191,147.65257,28.5,28.66,29.48,28.25,28.48,28.15,28.43,28.28,27.9,28.95,29.06,28.58,28.21,29.11,28.69,27.93,28.82,29.13,28.6,29.04,28.88,28.93,27.99,28.74,28.92,28.77,29,29.05,28.81,28.45,28.96,29.25,29.31,28.68,28.36,29.6,28.83,29.27,28.95,29.28
BLCH22A,BLCH22A,OffshoreCentral,Davies,OCDA_FR1S,-18.8192,147.66391,28.5,28.66,29.48,28.25,28.48,28.15,28.43,28.28,27.9,28.95,29.06,28.58,28.21,29.11,28.69,27.93,28.82,29.13,28.6,29.04,28.88,28.93,27.99,28.74,28.92,28.77,29,29.05,28.81,28.45,28.96,29.25,29.31,28.68,28.36,29.6,28.83,29.27,28.95,29.28
BLCH31A,BLCH31A,OffshoreCentral,Davies,OCDA_FR1S,-18.8192,147.66391,28.5,28.66,29.48,28.25,28.48,28.15,28.43,28.28,27.9,28.95,29.06,28.58,28.21,29.11,28.69,27.93,28.82,29.13,28.6,29.04,28.88,28.93,27.99,28.74,28.92,28.77,29,29.05,28.81,28.45,28.96,29.25,29.31,28.68,28.36,29.6,28.83,29.27,28.95,29.28
BLCH32A,BLCH32A,OffshoreCentral,Davies,OCDA_FR1S,-18.8192,147.66391,28.5,28.66,29.48,28.25,28.48,28.15,28.43,28.28,27.9,28.95,29.06,28.58,28.21,29.11,28.69,27.93,28.82,29.13,28.6,29.04,28.88,28.93,27.99,28.74,28.92,28.77,29,29.05,28.81,28.45,28.96,29.25,29.31,28.68,28.36,29.6,28.83,29.27,28.95,29.28
Spis_OCDA_613,Spis-OCDA-613,OffshoreCentral,Davies,OCDA_FR1S,-18.8192,147.66391,28.5,28.66,29.48,28.25,28.48,28.15,28.43,28.28,27.9,28.95,29.06,28.58,28.21,29.11,28.69,27.93,28.82,29.13,28.6,29.04,28.88,28.93,27.99,28.74,28.92,28.77,29,29.05,28.81,28.45,28.96,29.25,29.31,28.68,28.36,29.6,28.83,29.27,28.95,29.28
BLCH35A,BLCH35A,OffshoreCentral,Davies,OCDA_FR1D,-18.81966,147.66394,28.5,28.66,29.48,28.25,28.48,28.15,28.43,28.28,27.9,28.95,29.06,28.58,28.21,29.11,28.69,27.93,28.82,29.13,28.6,29.04,28.88,28.93,27.99,28.74,28.92,28.77,29,29.05,28.81,28.45,28.96,29.25,29.31,28.68,28.36,29.6,28.83,29.27,28.95,29.28
BLCH38A,BLCH38A,OffshoreCentral,Davies,OCDA_FR1D,-18.81966,147.66394,28.5,28.66,29.48,28.25,28.48,28.15,28.43,28.28,27.9,28.95,29.06,28.58,28.21,29.11,28.69,27.93,28.82,29.13,28.6,29.04,28.88,28.93,27.99,28.74,28.92,28.77,29,29.05,28.81,28.45,28.96,29.25,29.31,28.68,28.36,29.6,28.83,29.27,28.95,29.28
BLCH41A,BLCH41A,OffshoreCentral,Davies,OCDA_FR1D,-18.81966,147.66394,28.5,28.66,29.48,28.25,28.48,28.15,28.43,28.28,27.9,28.95,29.06,28.58,28.21,29.11,28.69,27.93,28.82,29.13,28.6,29.04,28.88,28.93,27.99,28.74,28.92,28.77,29,29.05,28.81,28.45,28.96,29.25,29.31,28.68,28.36,29.6,28.83,29.27,28.95,29.28
Spis_OCDA_600,Spis-OCDA-600,OffshoreCentral,Davies,OCDA_FR1D,-18.81966,147.66394,28.5,28.66,29.48,28.25,28.48,28.15,28.43,28.28,27.9,28.95,29.06,28.58,28.21,29.11,28.69,27.93,28.82,29.13,28.6,29.04,28.88,28.93,27.99,28.74,28.92,28.77,29,29.05,28.81,28.45,28.96,29.25,29.31,28.68,28.36,29.6,28.83,29.27,28.95,29.28
Spis_OCDA_601,Spis-OCDA-601,OffshoreCentral,Davies,OCDA_FR1D,-18.81966,147.66394,28.5,28.66,29.48,28.25,28.48,28.15,28.43,28.28,27.9,28.95,29.06,28.58,28.21,29.11,28.69,27.93,28.82,29.13,28.6,29.04,28.88,28.93,27.99,28.74,28.92,28.77,29,29.05,28.81,28.45,28.96,29.25,29.31,28.68,28.36,29.6,28.83,29.27,28.95,29.28
Spis_OCDA_602,Spis-OCDA-602,OffshoreCentral,Davies,OCDA_FR1D,-18.81966,147.66394,28.5,28.66,29.48,28.25,28.48,28.15,28.43,28.28,27.9,28.95,29.06,28.58,28.21,29.11,28.69,27.93,28.82,29.13,28.6,29.04,28.88,28.93,27.99,28.74,28.92,28.77,29,29.05,28.81,28.45,28.96,29.25,29.31,28.68,28.36,29.6,28.83,29.27,28.95,29.28
Spis_OCDA_603,Spis-OCDA-603,OffshoreCentral,Davies,OCDA_FR1D,-18.81966,147.66394,28.5,28.66,29.48,28.25,28.48,28.15,28.43,28.28,27.9,28.95,29.06,28.58,28.21,29.11,28.69,27.93,28.82,29.13,28.6,29.04,28.88,28.93,27.99,28.74,28.92,28.77,29,29.05,28.81,28.45,28.96,29.25,29.31,28.68,28.36,29.6,28.83,29.27,28.95,29.28
BLCH108A,BLCH108A,OffshoreCentral,Davies,OCDA_FL1S,-18.80575,147.6686,28.5,28.66,29.48,28.25,28.48,28.15,28.43,28.28,27.9,28.95,29.06,28.58,28.21,29.11,28.69,27.93,28.82,29.13,28.6,29.04,28.88,28.93,27.99,28.74,28.92,28.77,29,29.05,28.81,28.45,28.96,29.25,29.31,28.68,28.36,29.6,28.83,29.27,28.95,29.28
BLCH109A,BLCH109A,OffshoreCentral,Davies,OCDA_FL1S,-18.80575,147.6686,28.5,28.66,29.48,28.25,28.48,28.15,28.43,28.28,27.9,28.95,29.06,28.58,28.21,29.11,28.69,27.93,28.82,29.13,28.6,29.04,28.88,28.93,27.99,28.74,28.92,28.77,29,29.05,28.81,28.45,28.96,29.25,29.31,28.68,28.36,29.6,28.83,29.27,28.95,29.28
BLCH112A,BLCH112A,OffshoreCentral,Davies,OCDA_FL1S,-18.80575,147.6686,28.5,28.66,29.48,28.25,28.48,28.15,28.43,28.28,27.9,28.95,29.06,28.58,28.21,29.11,28.69,27.93,28.82,29.13,28.6,29.04,28.88,28.93,27.99,28.74,28.92,28.77,29,29.05,28.81,28.45,28.96,29.25,29.31,28.68,28.36,29.6,28.83,29.27,28.95,29.28
BLCH114A,BLCH114A,OffshoreCentral,Davies,OCDA_FL1S,-18.80575,147.6686,28.5,28.66,29.48,28.25,28.48,28.15,28.43,28.28,27.9,28.95,29.06,28.58,28.21,29.11,28.69,27.93,28.82,29.13,28.6,29.04,28.88,28.93,27.99,28.74,28.92,28.77,29,29.05,28.81,28.45,28.96,29.25,29.31,28.68,28.36,29.6,28.83,29.27,28.95,29.28
BLCH117A,BLCH117A,OffshoreCentral,Davies,OCDA_FL1S,-18.80575,147.6686,28.5,28.66,29.48,28.25,28.48,28.15,28.43,28.28,27.9,28.95,29.06,28.58,28.21,29.11,28.69,27.93,28.82,29.13,28.6,29.04,28.88,28.93,27.99,28.74,28.92,28.77,29,29.05,28.81,28.45,28.96,29.25,29.31,28.68,28.36,29.6,28.83,29.27,28.95,29.28
BLCH118A,BLCH118A,OffshoreCentral,Davies,OCDA_FL1S,-18.80575,147.6686,28.5,28.66,29.48,28.25,28.48,28.15,28.43,28.28,27.9,28.95,29.06,28.58,28.21,29.11,28.69,27.93,28.82,29.13,28.6,29.04,28.88,28.93,27.99,28.74,28.92,28.77,29,29.05,28.81,28.45,28.96,29.25,29.31,28.68,28.36,29.6,28.83,29.27,28.95,29.28
BLCH120A,BLCH120A,OffshoreCentral,Davies,OCDA_FL1S,-18.80575,147.6686,28.5,28.66,29.48,28.25,28.48,28.15,28.43,28.28,27.9,28.95,29.06,28.58,28.21,29.11,28.69,27.93,28.82,29.13,28.6,29.04,28.88,28.93,27.99,28.74,28.92,28.77,29,29.05,28.81,28.45,28.96,29.25,29.31,28.68,28.36,29.6,28.83,29.27,28.95,29.28
BLCH121A,BLCH121A,OffshoreCentral,Davies,OCDA_FL1S,-18.80575,147.6686,28.5,28.66,29.48,28.25,28.48,28.15,28.43,28.28,27.9,28.95,29.06,28.58,28.21,29.11,28.69,27.93,28.82,29.13,28.6,29.04,28.88,28.93,27.99,28.74,28.92,28.77,29,29.05,28.81,28.45,28.96,29.25,29.31,28.68,28.36,29.6,28.83,29.27,28.95,29.28
BLCH122A,BLCH122A,OffshoreCentral,Davies,OCDA_FL1S,-18.80575,147.6686,28.5,28.66,29.48,28.25,28.48,28.15,28.43,28.28,27.9,28.95,29.06,28.58,28.21,29.11,28.69,27.93,28.82,29.13,28.6,29.04,28.88,28.93,27.99,28.74,28.92,28.77,29,29.05,28.81,28.45,28.96,29.25,29.31,28.68,28.36,29.6,28.83,29.27,28.95,29.28
Spis_OCDA_683,Spis-OCDA-683,OffshoreCentral,Davies,OCDA_FL1S,-18.80575,147.6686,28.5,28.66,29.48,28.25,28.48,28.15,28.43,28.28,27.9,28.95,29.06,28.58,28.21,29.11,28.69,27.93,28.82,29.13,28.6,29.04,28.88,28.93,27.99,28.74,28.92,28.77,29,29.05,28.81,28.45,28.96,29.25,29.31,28.68,28.36,29.6,28.83,29.27,28.95,29.28
Spis_OCDA_691,Spis-OCDA-691,OffshoreCentral,Davies,OCDA_FL1S,-18.80575,147.6686,28.5,28.66,29.48,28.25,28.48,28.15,28.43,28.28,27.9,28.95,29.06,28.58,28.21,29.11,28.69,27.93,28.82,29.13,28.6,29.04,28.88,28.93,27.99,28.74,28.92,28.77,29,29.05,28.81,28.45,28.96,29.25,29.31,28.68,28.36,29.6,28.83,29.27,28.95,29.28
BLCH42A,BLCH42A,OffshoreCentral,Davies,OCDA_FL1D,-18.80592,147.6688,28.5,28.66,29.48,28.25,28.48,28.15,28.43,28.28,27.9,28.95,29.06,28.58,28.21,29.11,28.69,27.93,28.82,29.13,28.6,29.04,28.88,28.93,27.99,28.74,28.92,28.77,29,29.05,28.81,28.45,28.96,29.25,29.31,28.68,28.36,29.6,28.83,29.27,28.95,29.28
BLCH46A,BLCH46A,OffshoreCentral,Davies,OCDA_FL1D,-18.80592,147.6688,28.5,28.66,29.48,28.25,28.48,28.15,28.43,28.28,27.9,28.95,29.06,28.58,28.21,29.11,28.69,27.93,28.82,29.13,28.6,29.04,28.88,28.93,27.99,28.74,28.92,28.77,29,29.05,28.81,28.45,28.96,29.25,29.31,28.68,28.36,29.6,28.83,29.27,28.95,29.28
BLCH49A,BLCH49A,OffshoreCentral,Davies,OCDA_FL1D,-18.80592,147.6688,28.5,28.66,29.48,28.25,28.48,28.15,28.43,28.28,27.9,28.95,29.06,28.58,28.21,29.11,28.69,27.93,28.82,29.13,28.6,29.04,28.88,28.93,27.99,28.74,28.92,28.77,29,29.05,28.81,28.45,28.96,29.25,29.31,28.68,28.36,29.6,28.83,29.27,28.95,29.28
Spis_OCDA_670,Spis-OCDA-670,OffshoreCentral,Davies,OCDA_FL1D,-18.80592,147.6688,28.5,28.66,29.48,28.25,28.48,28.15,28.43,28.28,27.9,28.95,29.06,28.58,28.21,29.11,28.69,27.93,28.82,29.13,28.6,29.04,28.88,28.93,27.99,28.74,28.92,28.77,29,29.05,28.81,28.45,28.96,29.25,29.31,28.68,28.36,29.6,28.83,29.27,28.95,29.28
Spis_OCDA_672,Spis-OCDA-672,OffshoreCentral,Davies,OCDA_FL1D,-18.80592,147.6688,28.5,28.66,29.48,28.25,28.48,28.15,28.43,28.28,27.9,28.95,29.06,28.58,28.21,29.11,28.69,27.93,28.82,29.13,28.6,29.04,28.88,28.93,27.99,28.74,28.92,28.77,29,29.05,28.81,28.45,28.96,29.25,29.31,28.68,28.36,29.6,28.83,29.27,28.95,29.28
Spis_OCDA_675,Spis-OCDA-675,OffshoreCentral,Davies,OCDA_FL1D,-18.80592,147.6688,28.5,28.66,29.48,28.25,28.48,28.15,28.43,28.28,27.9,28.95,29.06,28.58,28.21,29.11,28.69,27.93,28.82,29.13,28.6,29.04,28.88,28.93,27.99,28.74,28.92,28.77,29,29.05,28.81,28.45,28.96,29.25,29.31,28.68,28.36,29.6,28.83,29.27,28.95,29.28
Spis_OCDA_677,Spis-OCDA-677,OffshoreCentral,Davies,OCDA_FL1D,-18.80592,147.6688,28.5,28.66,29.48,28.25,28.48,28.15,28.43,28.28,27.9,28.95,29.06,28.58,28.21,29.11,28.69,27.93,28.82,29.13,28.6,29.04,28.88,28.93,27.99,28.74,28.92,28.77,29,29.05,28.81,28.45,28.96,29.25,29.31,28.68,28.36,29.6,28.83,29.27,28.95,29.28
Spis_OCDA_679,Spis-OCDA-679,OffshoreCentral,Davies,OCDA_FL1D,-18.80592,147.6688,28.5,28.66,29.48,28.25,28.48,28.15,28.43,28.28,27.9,28.95,29.06,28.58,28.21,29.11,28.69,27.93,28.82,29.13,28.6,29.04,28.88,28.93,27.99,28.74,28.92,28.77,29,29.05,28.81,28.45,28.96,29.25,29.31,28.68,28.36,29.6,28.83,29.27,28.95,29.28
BLCH184B,BLCH184B,OffshoreCentral,Little Broadhurst,OCLB_BA1S,-18.9493475,147.6929265,28.5,28.66,29.55,28.23,28.51,28.13,28.47,28.28,27.93,28.9,29.07,28.64,28.22,29.17,28.77,27.91,28.78,29.2,28.57,29.03,28.97,28.91,27.95,28.72,28.88,28.75,28.94,29.03,28.79,28.43,28.93,29.24,29.3,28.66,28.35,29.61,28.8,29.29,28.96,29.27
BLCH193B,BLCH193B,OffshoreCentral,Little Broadhurst,OCLB_BA1S,-18.9493475,147.6929265,28.5,28.66,29.55,28.23,28.51,28.13,28.47,28.28,27.93,28.9,29.07,28.64,28.22,29.17,28.77,27.91,28.78,29.2,28.57,29.03,28.97,28.91,27.95,28.72,28.88,28.75,28.94,29.03,28.79,28.43,28.93,29.24,29.3,28.66,28.35,29.61,28.8,29.29,28.96,29.27
BLCH194B,BLCH194B,OffshoreCentral,Little Broadhurst,OCLB_BA1S,-18.9493475,147.6929265,28.5,28.66,29.55,28.23,28.51,28.13,28.47,28.28,27.93,28.9,29.07,28.64,28.22,29.17,28.77,27.91,28.78,29.2,28.57,29.03,28.97,28.91,27.95,28.72,28.88,28.75,28.94,29.03,28.79,28.43,28.93,29.24,29.3,28.66,28.35,29.61,28.8,29.29,28.96,29.27
BLCH195B,BLCH195B,OffshoreCentral,Little Broadhurst,OCLB_BA1S,-18.9493475,147.6929265,28.5,28.66,29.55,28.23,28.51,28.13,28.47,28.28,27.93,28.9,29.07,28.64,28.22,29.17,28.77,27.91,28.78,29.2,28.57,29.03,28.97,28.91,27.95,28.72,28.88,28.75,28.94,29.03,28.79,28.43,28.93,29.24,29.3,28.66,28.35,29.61,28.8,29.29,28.96,29.27
BLCH196B,BLCH196B,OffshoreCentral,Little Broadhurst,OCLB_BA1S,-18.9493475,147.6929265,28.5,28.66,29.55,28.23,28.51,28.13,28.47,28.28,27.93,28.9,29.07,28.64,28.22,29.17,28.77,27.91,28.78,29.2,28.57,29.03,28.97,28.91,27.95,28.72,28.88,28.75,28.94,29.03,28.79,28.43,28.93,29.24,29.3,28.66,28.35,29.61,28.8,29.29,28.96,29.27
BLCH197B,BLCH197B,OffshoreCentral,Little Broadhurst,OCLB_BA1S,-18.9493475,147.6929265,28.5,28.66,29.55,28.23,28.51,28.13,28.47,28.28,27.93,28.9,29.07,28.64,28.22,29.17,28.77,27.91,28.78,29.2,28.57,29.03,28.97,28.91,27.95,28.72,28.88,28.75,28.94,29.03,28.79,28.43,28.93,29.24,29.3,28.66,28.35,29.61,28.8,29.29,28.96,29.27
Spis_OCLB_697,Spis-OCLB-697,OffshoreCentral,Little Broadhurst,OCLB_BA1S,-18.9493475,147.6929265,28.5,28.66,29.55,28.23,28.51,28.13,28.47,28.28,27.93,28.9,29.07,28.64,28.22,29.17,28.77,27.91,28.78,29.2,28.57,29.03,28.97,28.91,27.95,28.72,28.88,28.75,28.94,29.03,28.79,28.43,28.93,29.24,29.3,28.66,28.35,29.61,28.8,29.29,28.96,29.27
Spis_OCLB_701,Spis-OCLB-701,OffshoreCentral,Little Broadhurst,OCLB_BA1S,-18.9493475,147.6929265,28.5,28.66,29.55,28.23,28.51,28.13,28.47,28.28,27.93,28.9,29.07,28.64,28.22,29.17,28.77,27.91,28.78,29.2,28.57,29.03,28.97,28.91,27.95,28.72,28.88,28.75,28.94,29.03,28.79,28.43,28.93,29.24,29.3,28.66,28.35,29.61,28.8,29.29,28.96,29.27
BLCH182A,BLCH182A,OffshoreCentral,Little Broadhurst,OCLB_FL1S,-18.944062,147.699285,28.5,28.66,29.55,28.23,28.51,28.13,28.47,28.28,27.93,28.9,29.07,28.64,28.22,29.17,28.77,27.91,28.78,29.2,28.57,29.03,28.97,28.91,27.95,28.72,28.88,28.75,28.94,29.03,28.79,28.43,28.93,29.24,29.3,28.66,28.35,29.61,28.8,29.29,28.96,29.27
BLCH190A,BLCH190A,OffshoreCentral,Little Broadhurst,OCLB_FL1S,-18.944062,147.699285,28.5,28.66,29.55,28.23,28.51,28.13,28.47,28.28,27.93,28.9,29.07,28.64,28.22,29.17,28.77,27.91,28.78,29.2,28.57,29.03,28.97,28.91,27.95,28.72,28.88,28.75,28.94,29.03,28.79,28.43,28.93,29.24,29.3,28.66,28.35,29.61,28.8,29.29,28.96,29.27
Spis_OCLB_711,Spis-OCLB-711,OffshoreCentral,Little Broadhurst,OCLB_FL1S,-18.944062,147.699285,28.5,28.66,29.55,28.23,28.51,28.13,28.47,28.28,27.93,28.9,29.07,28.64,28.22,29.17,28.77,27.91,28.78,29.2,28.57,29.03,28.97,28.91,27.95,28.72,28.88,28.75,28.94,29.03,28.79,28.43,28.93,29.24,29.3,28.66,28.35,29.61,28.8,29.29,28.96,29.27
Spis_OCLB_717,Spis-OCLB-717,OffshoreCentral,Little Broadhurst,OCLB_FL1S,-18.944062,147.699285,28.5,28.66,29.55,28.23,28.51,28.13,28.47,28.28,27.93,28.9,29.07,28.64,28.22,29.17,28.77,27.91,28.78,29.2,28.57,29.03,28.97,28.91,27.95,28.72,28.88,28.75,28.94,29.03,28.79,28.43,28.93,29.24,29.3,28.66,28.35,29.61,28.8,29.29,28.96,29.27
Spis_OCLB_720,Spis-OCLB-720,OffshoreCentral,Little Broadhurst,OCLB_FL1S,-18.944062,147.699285,28.5,28.66,29.55,28.23,28.51,28.13,28.47,28.28,27.93,28.9,29.07,28.64,28.22,29.17,28.77,27.91,28.78,29.2,28.57,29.03,28.97,28.91,27.95,28.72,28.88,28.75,28.94,29.03,28.79,28.43,28.93,29.24,29.3,28.66,28.35,29.61,28.8,29.29,28.96,29.27
Spis_OCLB_724,Spis-OCLB-724,OffshoreCentral,Little Broadhurst,OCLB_FL1S,-18.944062,147.699285,28.5,28.66,29.55,28.23,28.51,28.13,28.47,28.28,27.93,28.9,29.07,28.64,28.22,29.17,28.77,27.91,28.78,29.2,28.57,29.03,28.97,28.91,27.95,28.72,28.88,28.75,28.94,29.03,28.79,28.43,28.93,29.24,29.3,28.66,28.35,29.61,28.8,29.29,28.96,29.27
Spis_OCLB_725,Spis-OCLB-725,OffshoreCentral,Little Broadhurst,OCLB_LA1S,-18.949382,147.701909,28.51,28.65,29.54,28.21,28.49,28.14,28.43,28.27,27.91,28.9,29.03,28.61,28.22,29.13,28.75,27.93,28.77,29.15,28.57,29.02,28.93,28.89,27.94,28.69,28.9,28.74,28.93,29.02,28.77,28.42,28.92,29.25,29.28,28.64,28.34,29.58,28.78,29.28,28.95,29.26
Spis_OCLB_728,Spis-OCLB-728,OffshoreCentral,Little Broadhurst,OCLB_LA1S,-18.949382,147.701909,28.51,28.65,29.54,28.21,28.49,28.14,28.43,28.27,27.91,28.9,29.03,28.61,28.22,29.13,28.75,27.93,28.77,29.15,28.57,29.02,28.93,28.89,27.94,28.69,28.9,28.74,28.93,29.02,28.77,28.42,28.92,29.25,29.28,28.64,28.34,29.58,28.78,29.28,28.95,29.26
Spis_OCLB_731,Spis-OCLB-731,OffshoreCentral,Little Broadhurst,OCLB_LA1S,-18.949382,147.701909,28.51,28.65,29.54,28.21,28.49,28.14,28.43,28.27,27.91,28.9,29.03,28.61,28.22,29.13,28.75,27.93,28.77,29.15,28.57,29.02,28.93,28.89,27.94,28.69,28.9,28.74,28.93,29.02,28.77,28.42,28.92,29.25,29.28,28.64,28.34,29.58,28.78,29.28,28.95,29.26
Spis_OCLB_734,Spis-OCLB-734,OffshoreCentral,Little Broadhurst,OCLB_LA1S,-18.949382,147.701909,28.51,28.65,29.54,28.21,28.49,28.14,28.43,28.27,27.91,28.9,29.03,28.61,28.22,29.13,28.75,27.93,28.77,29.15,28.57,29.02,28.93,28.89,27.94,28.69,28.9,28.74,28.93,29.02,28.77,28.42,28.92,29.25,29.28,28.64,28.34,29.58,28.78,29.28,28.95,29.26
Spis_OCLB_738,Spis-OCLB-738,OffshoreCentral,Little Broadhurst,OCLB_LA1S,-18.949382,147.701909,28.51,28.65,29.54,28.21,28.49,28.14,28.43,28.27,27.91,28.9,29.03,28.61,28.22,29.13,28.75,27.93,28.77,29.15,28.57,29.02,28.93,28.89,27.94,28.69,28.9,28.74,28.93,29.02,28.77,28.42,28.92,29.25,29.28,28.64,28.34,29.58,28.78,29.28,28.95,29.26
Spis_OCLB_739,Spis-OCLB-739,OffshoreCentral,Little Broadhurst,OCLB_LA1S,-18.949382,147.701909,28.51,28.65,29.54,28.21,28.49,28.14,28.43,28.27,27.91,28.9,29.03,28.61,28.22,29.13,28.75,27.93,28.77,29.15,28.57,29.02,28.93,28.89,27.94,28.69,28.9,28.74,28.93,29.02,28.77,28.42,28.92,29.25,29.28,28.64,28.34,29.58,28.78,29.28,28.95,29.26
Spis_OCCH_628,Spis-OCCH-628,OffshoreCentral,Chicken,OCCH_BA2S,-18.660365,147.702675,28.53,28.68,29.43,28.31,28.49,28.14,28.37,28.31,27.83,29.03,29.03,28.57,28.22,29.11,28.62,27.99,28.85,29.04,28.68,29.1,28.85,29.01,28.04,28.88,29.02,28.82,29.12,29.14,28.9,28.53,29.03,29.38,29.38,28.75,28.47,29.65,29,29.3,28.98,29.41
Spis_OCCH_629,Spis-OCCH-629,OffshoreCentral,Chicken,OCCH_BA2S,-18.660365,147.702675,28.53,28.68,29.43,28.31,28.49,28.14,28.37,28.31,27.83,29.03,29.03,28.57,28.22,29.11,28.62,27.99,28.85,29.04,28.68,29.1,28.85,29.01,28.04,28.88,29.02,28.82,29.12,29.14,28.9,28.53,29.03,29.38,29.38,28.75,28.47,29.65,29,29.3,28.98,29.41
Spis_OCCH_634,Spis-OCCH-634,OffshoreCentral,Chicken,OCCH_BA2S,-18.660365,147.702675,28.53,28.68,29.43,28.31,28.49,28.14,28.37,28.31,27.83,29.03,29.03,28.57,28.22,29.11,28.62,27.99,28.85,29.04,28.68,29.1,28.85,29.01,28.04,28.88,29.02,28.82,29.12,29.14,28.9,28.53,29.03,29.38,29.38,28.75,28.47,29.65,29,29.3,28.98,29.41
BLCH174A,BLCH174A,OffshoreCentral,Chicken,OCCH_BA2S,-18.6604,147.7027,28.53,28.68,29.43,28.31,28.49,28.14,28.37,28.31,27.83,29.03,29.03,28.57,28.22,29.11,28.62,27.99,28.85,29.04,28.68,29.1,28.85,29.01,28.04,28.88,29.02,28.82,29.12,29.14,28.9,28.53,29.03,29.38,29.38,28.75,28.47,29.65,29,29.3,28.98,29.41
BLCH145A,BLCH145A,OffshoreCentral,Chicken,OCCH_BA1S,-18.6532055,147.708533,28.53,28.68,29.43,28.31,28.49,28.14,28.37,28.31,27.83,29.03,29.03,28.57,28.22,29.11,28.62,27.99,28.85,29.04,28.68,29.1,28.85,29.01,28.04,28.88,29.02,28.82,29.12,29.14,28.9,28.53,29.03,29.38,29.38,28.75,28.47,29.65,29,29.3,28.98,29.41
BLCH148A,BLCH148A,OffshoreCentral,Chicken,OCCH_BA1S,-18.6532055,147.708533,28.53,28.68,29.43,28.31,28.49,28.14,28.37,28.31,27.83,29.03,29.03,28.57,28.22,29.11,28.62,27.99,28.85,29.04,28.68,29.1,28.85,29.01,28.04,28.88,29.02,28.82,29.12,29.14,28.9,28.53,29.03,29.38,29.38,28.75,28.47,29.65,29,29.3,28.98,29.41
BLCH151A,BLCH151A,OffshoreCentral,Chicken,OCCH_BA1S,-18.6532055,147.708533,28.53,28.68,29.43,28.31,28.49,28.14,28.37,28.31,27.83,29.03,29.03,28.57,28.22,29.11,28.62,27.99,28.85,29.04,28.68,29.1,28.85,29.01,28.04,28.88,29.02,28.82,29.12,29.14,28.9,28.53,29.03,29.38,29.38,28.75,28.47,29.65,29,29.3,28.98,29.41
BLCH152A,BLCH152A,OffshoreCentral,Chicken,OCCH_BA1S,-18.6532055,147.708533,28.53,28.68,29.43,28.31,28.49,28.14,28.37,28.31,27.83,29.03,29.03,28.57,28.22,29.11,28.62,27.99,28.85,29.04,28.68,29.1,28.85,29.01,28.04,28.88,29.02,28.82,29.12,29.14,28.9,28.53,29.03,29.38,29.38,28.75,28.47,29.65,29,29.3,28.98,29.41
BLCH154A,BLCH154A,OffshoreCentral,Chicken,OCCH_BA1S,-18.6532055,147.708533,28.53,28.68,29.43,28.31,28.49,28.14,28.37,28.31,27.83,29.03,29.03,28.57,28.22,29.11,28.62,27.99,28.85,29.04,28.68,29.1,28.85,29.01,28.04,28.88,29.02,28.82,29.12,29.14,28.9,28.53,29.03,29.38,29.38,28.75,28.47,29.65,29,29.3,28.98,29.41
BLCH157A,BLCH157A,OffshoreCentral,Chicken,OCCH_BA1S,-18.6532055,147.708533,28.53,28.68,29.43,28.31,28.49,28.14,28.37,28.31,27.83,29.03,29.03,28.57,28.22,29.11,28.62,27.99,28.85,29.04,28.68,29.1,28.85,29.01,28.04,28.88,29.02,28.82,29.12,29.14,28.9,28.53,29.03,29.38,29.38,28.75,28.47,29.65,29,29.3,28.98,29.41
Spis_OCCH_655,Spis-OCCH-655,OffshoreCentral,Chicken,OCCH_BA1S,-18.6532055,147.708533,28.53,28.68,29.43,28.31,28.49,28.14,28.37,28.31,27.83,29.03,29.03,28.57,28.22,29.11,28.62,27.99,28.85,29.04,28.68,29.1,28.85,29.01,28.04,28.88,29.02,28.82,29.12,29.14,28.9,28.53,29.03,29.38,29.38,28.75,28.47,29.65,29,29.3,28.98,29.41
Spis_OCCH_659,Spis-OCCH-659,OffshoreCentral,Chicken,OCCH_BA1S,-18.6532055,147.708533,28.53,28.68,29.43,28.31,28.49,28.14,28.37,28.31,27.83,29.03,29.03,28.57,28.22,29.11,28.62,27.99,28.85,29.04,28.68,29.1,28.85,29.01,28.04,28.88,29.02,28.82,29.12,29.14,28.9,28.53,29.03,29.38,29.38,28.75,28.47,29.65,29,29.3,28.98,29.41
Spis_OCCH_668,Spis-OCCH-668,OffshoreCentral,Chicken,OCCH_BA1S,-18.6532055,147.708533,28.53,28.68,29.43,28.31,28.49,28.14,28.37,28.31,27.83,29.03,29.03,28.57,28.22,29.11,28.62,27.99,28.85,29.04,28.68,29.1,28.85,29.01,28.04,28.88,29.02,28.82,29.12,29.14,28.9,28.53,29.03,29.38,29.38,28.75,28.47,29.65,29,29.3,28.98,29.41
Spis_CBHE_1396,Spis-CBHE-1396,Heron,Heron,CBHE_BA2D,-23.4341,151.9203,27.28,27.67,28.05,27.08,26.62,26.7,27.3,28.04,26.6,26.76,26.51,27.66,26.95,28.34,27.29,26.09,27.12,28.23,26.86,28.05,27.2,28.13,26.74,26.86,27.28,27.64,27.34,27.31,27.16,26.84,27.57,27.58,27.97,27.31,27.08,28.5,27.3,27.37,27.58,28.64
Spis_CBHE_1398,Spis-CBHE-1398,Heron,Heron,CBHE_BA2D,-23.4341,151.9203,27.28,27.67,28.05,27.08,26.62,26.7,27.3,28.04,26.6,26.76,26.51,27.66,26.95,28.34,27.29,26.09,27.12,28.23,26.86,28.05,27.2,28.13,26.74,26.86,27.28,27.64,27.34,27.31,27.16,26.84,27.57,27.58,27.97,27.31,27.08,28.5,27.3,27.37,27.58,28.64
Spis_CBHE_1400,Spis-CBHE-1400,Heron,Heron,CBHE_BA2D,-23.4341,151.9203,27.28,27.67,28.05,27.08,26.62,26.7,27.3,28.04,26.6,26.76,26.51,27.66,26.95,28.34,27.29,26.09,27.12,28.23,26.86,28.05,27.2,28.13,26.74,26.86,27.28,27.64,27.34,27.31,27.16,26.84,27.57,27.58,27.97,27.31,27.08,28.5,27.3,27.37,27.58,28.64
Spis_CBHE_1408,Spis-CBHE-1408,Heron,Heron,CBHE_BA2D,-23.4341,151.9203,27.28,27.67,28.05,27.08,26.62,26.7,27.3,28.04,26.6,26.76,26.51,27.66,26.95,28.34,27.29,26.09,27.12,28.23,26.86,28.05,27.2,28.13,26.74,26.86,27.28,27.64,27.34,27.31,27.16,26.84,27.57,27.58,27.97,27.31,27.08,28.5,27.3,27.37,27.58,28.64
Spis_CBHE_1412,Spis-CBHE-1412,Heron,Heron,CBHE_BA2S,-23.434,151.9209,27.28,27.67,28.05,27.08,26.62,26.7,27.3,28.04,26.6,26.76,26.51,27.66,26.95,28.34,27.29,26.09,27.12,28.23,26.86,28.05,27.2,28.13,26.74,26.86,27.28,27.64,27.34,27.31,27.16,26.84,27.57,27.58,27.97,27.31,27.08,28.5,27.3,27.37,27.58,28.64
Spis_CBHE_1418,Spis-CBHE-1418,Heron,Heron,CBHE_BA2S,-23.434,151.9209,27.28,27.67,28.05,27.08,26.62,26.7,27.3,28.04,26.6,26.76,26.51,27.66,26.95,28.34,27.29,26.09,27.12,28.23,26.86,28.05,27.2,28.13,26.74,26.86,27.28,27.64,27.34,27.31,27.16,26.84,27.57,27.58,27.97,27.31,27.08,28.5,27.3,27.37,27.58,28.64
Spis_CBHE_1423,Spis-CBHE-1423,Heron,Heron,CBHE_BA2S,-23.434,151.9209,27.28,27.67,28.05,27.08,26.62,26.7,27.3,28.04,26.6,26.76,26.51,27.66,26.95,28.34,27.29,26.09,27.12,28.23,26.86,28.05,27.2,28.13,26.74,26.86,27.28,27.64,27.34,27.31,27.16,26.84,27.57,27.58,27.97,27.31,27.08,28.5,27.3,27.37,27.58,28.64
Spis_CBHE_213,Spis-CBHE-213,Heron,Heron,CBHE_FL1S,-23.4561755,151.925688,27.26,27.69,28.08,27.07,26.6,26.71,27.28,28.04,26.63,26.8,26.56,27.68,26.91,28.41,27.25,26.07,27.1,28.24,26.84,28.03,27.24,28.14,26.73,26.84,27.27,27.62,27.35,27.28,27.13,26.83,27.59,27.56,27.94,27.29,27.09,28.53,27.29,27.37,27.56,28.64
Spis_CBHE_221,Spis-CBHE-221,Heron,Heron,CBHE_FL1S,-23.4561755,151.925688,27.26,27.69,28.08,27.07,26.6,26.71,27.28,28.04,26.63,26.8,26.56,27.68,26.91,28.41,27.25,26.07,27.1,28.24,26.84,28.03,27.24,28.14,26.73,26.84,27.27,27.62,27.35,27.28,27.13,26.83,27.59,27.56,27.94,27.29,27.09,28.53,27.29,27.37,27.56,28.64
Spis_CBHE_1334,Spis-CBHE-1334,Heron,Heron,CBHE_FL1S,-23.4562,151.9257,27.26,27.69,28.08,27.07,26.6,26.71,27.28,28.04,26.63,26.8,26.56,27.68,26.91,28.41,27.25,26.07,27.1,28.24,26.84,28.03,27.24,28.14,26.73,26.84,27.27,27.62,27.35,27.28,27.13,26.83,27.59,27.56,27.94,27.29,27.09,28.53,27.29,27.37,27.56,28.64
Spis_CBHE_1335,Spis-CBHE-1335,Heron,Heron,CBHE_FL1S,-23.4562,151.9257,27.26,27.69,28.08,27.07,26.6,26.71,27.28,28.04,26.63,26.8,26.56,27.68,26.91,28.41,27.25,26.07,27.1,28.24,26.84,28.03,27.24,28.14,26.73,26.84,27.27,27.62,27.35,27.28,27.13,26.83,27.59,27.56,27.94,27.29,27.09,28.53,27.29,27.37,27.56,28.64
Spis_CBHE_1346,Spis-CBHE-1346,Heron,Heron,CBHE_FL1S,-23.4562,151.9257,27.26,27.69,28.08,27.07,26.6,26.71,27.28,28.04,26.63,26.8,26.56,27.68,26.91,28.41,27.25,26.07,27.1,28.24,26.84,28.03,27.24,28.14,26.73,26.84,27.27,27.62,27.35,27.28,27.13,26.83,27.59,27.56,27.94,27.29,27.09,28.53,27.29,27.37,27.56,28.64
Spis_CBHE_1289,Spis-CBHE-1289,Heron,Heron,CBHE_FR2S,-23.4704,151.9507,27.27,27.67,28.03,27.04,26.62,26.71,27.29,28.02,26.63,26.73,26.54,27.66,26.95,28.39,27.25,26.09,27.12,28.23,26.9,28.02,27.19,28.08,26.77,26.87,27.27,27.66,27.36,27.3,27.15,26.83,27.57,27.59,27.96,27.3,27.08,28.46,27.31,27.36,27.6,28.63
Spis_CBHE_1279,Spis-CBHE-1279,Heron,Heron,CBHE_FR2D,-23.4708,151.9511,27.27,27.67,28.03,27.04,26.62,26.71,27.29,28.02,26.63,26.73,26.54,27.66,26.95,28.39,27.25,26.09,27.12,28.23,26.9,28.02,27.19,28.08,26.77,26.87,27.27,27.66,27.36,27.3,27.15,26.83,27.57,27.59,27.96,27.3,27.08,28.46,27.31,27.36,27.6,28.63
Spis_CBHE_1281,Spis-CBHE-1281,Heron,Heron,CBHE_FR2D,-23.4708,151.9511,27.27,27.67,28.03,27.04,26.62,26.71,27.29,28.02,26.63,26.73,26.54,27.66,26.95,28.39,27.25,26.09,27.12,28.23,26.9,28.02,27.19,28.08,26.77,26.87,27.27,27.66,27.36,27.3,27.15,26.83,27.57,27.59,27.96,27.3,27.08,28.46,27.31,27.36,27.6,28.63
Spis_CBHE_1282,Spis-CBHE-1282,Heron,Heron,CBHE_FR2D,-23.4708,151.9511,27.27,27.67,28.03,27.04,26.62,26.71,27.29,28.02,26.63,26.73,26.54,27.66,26.95,28.39,27.25,26.09,27.12,28.23,26.9,28.02,27.19,28.08,26.77,26.87,27.27,27.66,27.36,27.3,27.15,26.83,27.57,27.59,27.96,27.3,27.08,28.46,27.31,27.36,27.6,28.63
Spis_CBHE_1284,Spis-CBHE-1284,Heron,Heron,CBHE_FR2D,-23.4708,151.9511,27.27,27.67,28.03,27.04,26.62,26.71,27.29,28.02,26.63,26.73,26.54,27.66,26.95,28.39,27.25,26.09,27.12,28.23,26.9,28.02,27.19,28.08,26.77,26.87,27.27,27.66,27.36,27.3,27.15,26.83,27.57,27.59,27.96,27.3,27.08,28.46,27.31,27.36,27.6,28.63
Spis_CBHE_1287,Spis-CBHE-1287,Heron,Heron,CBHE_FR2D,-23.4708,151.9511,27.27,27.67,28.03,27.04,26.62,26.71,27.29,28.02,26.63,26.73,26.54,27.66,26.95,28.39,27.25,26.09,27.12,28.23,26.9,28.02,27.19,28.08,26.77,26.87,27.27,27.66,27.36,27.3,27.15,26.83,27.57,27.59,27.96,27.3,27.08,28.46,27.31,27.36,27.6,28.63
Spis_CBHE_1382,Spis-CBHE-1382,Heron,Heron,CBHE_BA1S,-23.4284,151.9524,27.3,27.64,28,27.06,26.66,26.7,27.32,28.03,26.62,26.73,26.51,27.64,27,28.33,27.29,26.1,27.15,28.23,26.92,28.04,27.17,28.08,26.78,26.89,27.29,27.68,27.35,27.35,27.17,26.84,27.57,27.61,28,27.32,27.07,28.42,27.32,27.39,27.62,28.64
Spis_CBHE_259,Spis-CBHE-259,Heron,Heron,CBHE_BA1S,-23.4284405,151.952418,27.3,27.64,28,27.06,26.66,26.7,27.32,28.03,26.62,26.73,26.51,27.64,27,28.33,27.29,26.1,27.15,28.23,26.92,28.04,27.17,28.08,26.78,26.89,27.29,27.68,27.35,27.35,27.17,26.84,27.57,27.61,28,27.32,27.07,28.42,27.32,27.39,27.62,28.64
Spis_CBHE_256,Spis-CBHE-256,Heron,Heron,CBHE_BA1D,-23.428043,151.952453,27.3,27.64,28,27.06,26.66,26.7,27.32,28.03,26.62,26.73,26.51,27.64,27,28.33,27.29,26.1,27.15,28.23,26.92,28.04,27.17,28.08,26.78,26.89,27.29,27.68,27.35,27.35,27.17,26.84,27.57,27.61,28,27.32,27.07,28.42,27.32,27.39,27.62,28.64
Spis_CBHE_1324,Spis-CBHE-1324,Heron,Heron,CBHE_FR1S,-23.472,151.9777,27.27,27.67,28.03,27.04,26.62,26.71,27.29,28.02,26.63,26.73,26.54,27.66,26.95,28.39,27.25,26.09,27.12,28.23,26.9,28.02,27.19,28.08,26.77,26.87,27.27,27.66,27.36,27.3,27.15,26.83,27.57,27.59,27.96,27.3,27.08,28.46,27.31,27.36,27.6,28.63
Spis_CBLM_1259,Spis-CBLM-1259,LadyMusgrave,LadyMusgrave,CBLM_FL2S,-23.917571,152.391971,27.19,27.41,27.88,27.04,26.79,26.81,27.22,27.96,26.5,26.74,26.41,27.59,27.18,28.28,27.32,26.14,27.07,28.23,26.91,28.01,27.38,27.85,26.79,26.86,27.31,27.71,27.43,27.43,27.17,26.87,27.61,27.68,27.98,27.28,27.07,28.13,27.27,27.29,27.8,28.45
Spis_CBLM_1261,Spis-CBLM-1261,LadyMusgrave,LadyMusgrave,CBLM_FL2S,-23.917571,152.391971,27.19,27.41,27.88,27.04,26.79,26.81,27.22,27.96,26.5,26.74,26.41,27.59,27.18,28.28,27.32,26.14,27.07,28.23,26.91,28.01,27.38,27.85,26.79,26.86,27.31,27.71,27.43,27.43,27.17,26.87,27.61,27.68,27.98,27.28,27.07,28.13,27.27,27.29,27.8,28.45
Spis_CBLM_1262,Spis-CBLM-1262,LadyMusgrave,LadyMusgrave,CBLM_FL2S,-23.917571,152.391971,27.19,27.41,27.88,27.04,26.79,26.81,27.22,27.96,26.5,26.74,26.41,27.59,27.18,28.28,27.32,26.14,27.07,28.23,26.91,28.01,27.38,27.85,26.79,26.86,27.31,27.71,27.43,27.43,27.17,26.87,27.61,27.68,27.98,27.28,27.07,28.13,27.27,27.29,27.8,28.45
Spis_CBLM_1264,Spis-CBLM-1264,LadyMusgrave,LadyMusgrave,CBLM_FL2S,-23.917571,152.391971,27.19,27.41,27.88,27.04,26.79,26.81,27.22,27.96,26.5,26.74,26.41,27.59,27.18,28.28,27.32,26.14,27.07,28.23,26.91,28.01,27.38,27.85,26.79,26.86,27.31,27.71,27.43,27.43,27.17,26.87,27.61,27.68,27.98,27.28,27.07,28.13,27.27,27.29,27.8,28.45
Spis_CBLM_1271,Spis-CBLM-1271,LadyMusgrave,LadyMusgrave,CBLM_FL2S,-23.917571,152.391971,27.19,27.41,27.88,27.04,26.79,26.81,27.22,27.96,26.5,26.74,26.41,27.59,27.18,28.28,27.32,26.14,27.07,28.23,26.91,28.01,27.38,27.85,26.79,26.86,27.31,27.71,27.43,27.43,27.17,26.87,27.61,27.68,27.98,27.28,27.07,28.13,27.27,27.29,27.8,28.45
Spis_CBLM_1274,Spis-CBLM-1274,LadyMusgrave,LadyMusgrave,CBLM_FL2S,-23.917571,152.391971,27.19,27.41,27.88,27.04,26.79,26.81,27.22,27.96,26.5,26.74,26.41,27.59,27.18,28.28,27.32,26.14,27.07,28.23,26.91,28.01,27.38,27.85,26.79,26.86,27.31,27.71,27.43,27.43,27.17,26.87,27.61,27.68,27.98,27.28,27.07,28.13,27.27,27.29,27.8,28.45
Spis_CBLM_1275,Spis-CBLM-1275,LadyMusgrave,LadyMusgrave,CBLM_FL2S,-23.917571,152.391971,27.19,27.41,27.88,27.04,26.79,26.81,27.22,27.96,26.5,26.74,26.41,27.59,27.18,28.28,27.32,26.14,27.07,28.23,26.91,28.01,27.38,27.85,26.79,26.86,27.31,27.71,27.43,27.43,27.17,26.87,27.61,27.68,27.98,27.28,27.07,28.13,27.27,27.29,27.8,28.45
Spis_CBLM_1239,Spis-CBLM-1239,LadyMusgrave,LadyMusgrave,CBLM_LA1S,-23.896147,152.413821,27.22,27.36,27.87,27.12,26.88,26.84,27.24,27.99,26.52,26.81,26.37,27.66,27.25,28.32,27.34,26.18,27.11,28.32,26.98,28.09,27.43,27.91,26.87,26.93,27.34,27.81,27.47,27.51,27.2,26.93,27.67,27.75,28.08,27.34,27.1,28.16,27.37,27.37,27.88,28.51
